date, pm25, pm10, no2
2020-07-03,34,14,8
2020-07-04,38,10,8
2020-07-05,30,15,6
2020-07-06,38,16,8
2020-07-07,38,10,14
2020-07-08,25,14,5
2020-07-09,34,18,14
2020-07-10,46,17,12
2020-07-11,46,17,10
2020-07-12,46,8,8
2020-07-13,21,9,8
2020-07-14,25,12,3
2020-07-15,34,12,13
2020-07-16,34,15,12
2020-07-17,46,10,11
2020-07-18,30,6,13
2020-07-19,21,6,10
2020-07-20,25,11,7
2020-07-21,34,13,9
2020-07-22,34,15,8
2020-07-23,38,15,8
2020-07-24,42,12,7
2020-07-25,34,10,11
2020-07-26,25,11,13
2020-07-27,38,15,13
2020-07-28,46,15,16
2020-07-29,46,20,11
2020-07-30,53,20,13
2020-07-31,55, ,17
2020-06-02,21,10,7
2020-06-03,30,11,6
2020-06-04,30,11,11
2020-06-05,25,15,8
2020-06-06,30,15,4
2020-06-07,25,12,6
2020-06-08,21,13,5
2020-06-09,21,14,7
2020-06-10,25,9,11
2020-06-11,17,9,11
2020-06-12,25,11, 
2020-06-13,30,10, 
2020-06-15,17,16,6
2020-06-16,34,12,14
2020-06-17,30,17,6
2020-06-18,30,12,9
2020-06-19,21,10,9
2020-06-20,21,10,7
2020-06-21,25,10,13
2020-06-22,38,12,15
2020-06-23,38, ,15
2020-06-24,46,17,16
2020-06-25,50,17,17
2020-06-26,42,16,13
2020-06-27,46,13,13
2020-06-28,42,15,11
2020-06-29,38,16,8
2020-06-30,46, ,8
2020-05-02,21,15,3
2020-05-03,25,8,4
2020-05-04,17,8,12
2020-05-05,21,12,11
2020-05-06,25,9,5
2020-05-07,25,10,11
2020-05-08,25,13,14
2020-05-09,34,12,7
2020-05-10,30,13,7
2020-05-11,34,11,11
2020-05-12,25,10,6
2020-05-13,21,16,10
2020-05-14,34,33,6
2020-05-15,50,15,6
2020-05-16,30,12,9
2020-05-17,25,18,6
2020-05-18,38,20,11
2020-05-19,46,23,15
2020-05-20,57, ,4
2020-05-22,34,12,9
2020-05-23,38,12,7
2020-05-24,34,9,4
2020-05-25,30,8,13
2020-05-26,21,7,9
2020-05-27,17,6,11
2020-05-28,17,10,12
2020-05-29,21,5,6
2020-05-30,13,10,10
2020-05-31,25,10,10
2020-06-01,34,8,11
2020-04-02,42,12,16
2020-04-03,42,13,17
2020-04-04,50,16,26
2020-04-05,53,15,7
2020-04-06,50,22,6
2020-04-07,63,21,14
2020-04-08,61,18,12
2020-04-09,53,18,17
2020-04-10,55,21, 
2020-04-13,53,15,10
2020-04-14,55,12,6
2020-04-15,42,9,3
2020-04-16,25,12,14
2020-04-17,38,18,12
2020-04-18,42,20,7
2020-04-19,53,24,4
2020-04-20,57,10,5
2020-04-21,30,10,2
2020-04-22,34,14,4
2020-04-23,46,18,6
2020-04-24,55,20,16
2020-04-25,59,12,5
2020-04-26,46,10,5
2020-04-27,38,10,7
2020-04-28,34,10,5
2020-04-29,25,15,4
2020-04-30,25,13,5
2020-05-01,25,13,3
2020-03-02,30, , 
2020-03-04,21,11,25
2020-03-05,30,12,30
2020-03-06,42,12,29
2020-03-07,25,9,20
2020-03-08,25,14,23
2020-03-09,50,17,27
2020-03-10,53,16,33
2020-03-11,50,20,33
2020-03-12,57,31,26
2020-03-13,78,19,20
2020-03-14,53,15,9
2020-03-15,53,8,3
2020-03-16,25,11,22
2020-03-17,34,20,23
2020-03-18,59,20,13
2020-03-19,59,19,17
2020-03-20,59,26,18
2020-03-21,72,21,16
2020-03-22,65,16,8
2020-03-23,53,10,7
2020-03-24,25,10,17
2020-03-25,42,10,3
2020-03-26,34,10,2
2020-03-27,34,25,3
2020-03-28,53, ,19
2020-03-29,99, ,10
2020-03-30,70,25,15
2020-03-31,53,7,5
2020-04-01,21,12,5
2020-02-02,42,11,17
2020-02-03,38,18,17
2020-02-04,50,19,17
2020-02-05,42,8,28
2020-02-06,21,11,33
2020-02-07,30,27,37
2020-02-08,68,30,33
2020-02-09,78,37,30
2020-02-10,104,19,27
2020-02-11,50,30,11
2020-02-12,50,23,30
2020-02-13,46,20,27
2020-02-14,46,14,36
2020-02-15,38,19,33
2020-02-16,57,23,29
2020-02-17,70,22,26
2020-02-18,63,14,21
2020-02-19,46, ,19
2020-02-23,78,21,22
2020-02-24,55,24,31
2020-02-25,55,21,24
2020-02-26,57,19,18
2020-02-27,34,11,27
2020-02-28,25,14,35
2020-02-29,42,23,33
2020-03-01,61,18,10
2020-01-02,155,41,36
2020-01-03,112,43, 
2020-01-07,76,39,31
2020-01-08,102,31,35
2020-01-09,82,33,35
2020-01-10,91,41,38
2020-01-11,109,26,21
2020-01-12,74,20,30
2020-01-13,63,36,36
2020-01-14,93, ,36
2020-01-15,134, ,39
2020-01-16,124,40,32
2020-01-17,104,40,35
2020-01-18,104,12,35
2020-01-19,104,12,24
2020-01-20,46,7,5
2020-01-21,25,14,18
2020-01-22,53,32,37
2020-01-23,85,38,36
2020-01-24,97,34,37
2020-01-25,93,20,20
2020-01-26,68,28,22
2020-01-27,80,20,23
2020-01-28,65,14,20
2020-01-29,30,25,24
2020-01-30,46,29,33
2020-01-31,63,18,26
2020-02-01,57,14,19
2019-10-02,42,14,22
2019-10-03,30,7,17
2019-10-04,21,12,30
2019-10-05,34,16,25
2019-10-06,50,14,26
2019-10-07,42,10,13
2019-10-08,30,17,35
2019-10-09,46,17,27
2019-10-10,50,15,33
2019-10-11,30,20,36
2019-10-12,42,21,29
2019-10-13,53,17,20
2019-10-14,46,25,29
2019-10-15,57,23,11
2019-10-16,50,16,25
2019-10-17,25,14,26
2019-10-18,30,18,26
2019-10-19,50,14,21
2019-10-20,38,17,23
2019-10-21,46,22,33
2019-10-22,50,24,29
2019-10-23,61,25,37
2019-10-24,57, ,23
2019-10-27,61,20,29
2019-10-28,59,25,26
2019-10-29,65,21,19
2019-10-30,63,15,19
2019-10-31,46,8,8
2019-11-01,21,7,13
2019-11-02,21,10,14
2019-11-03,30,10,11
2019-11-04,21,14,23
2019-11-05,17,10,19
2019-11-06,21,7,24
2019-11-07,13,11,18
2019-11-08,30,7,20
2019-11-09,21,10,19
2019-11-10,34,13,19
2019-11-11,46,11,19
2019-11-12,21,8,16
2019-11-13,30,10,20
2019-11-14,30,14,20
2019-11-15,34,8,27
2019-11-16,21,6,19
2019-11-17,17,8,18
2019-11-18,17,8,27
2019-11-19,21,9,22
2019-11-20,25,14,23
2019-11-21,38,13,21
2019-11-22,38,19,26
2019-11-23,55,14,10
2019-11-24,30,6,16
2019-11-25,13,11,27
2019-11-26,38,20,22
2019-11-27,55,10,22
2019-11-28,30,11,25
2019-11-29,21,15,22
2019-11-30,25,22,21
2019-12-01,57,17,21
2019-12-02,50,6,15
2019-12-03,17,5,5
2019-12-04,17,8,28
2019-12-05,21,25,30
2019-12-06,70,35,26
2019-12-07,97,25,23
2019-12-08,70,16,18
2019-12-09,46,12,22
2019-12-10,30,11,25
2019-12-11,42,12,27
2019-12-12,38,14,27
2019-12-13,53,16,32
2019-12-14,61,24,32
2019-12-15,70,27,25
2019-12-16,72,24,32
2019-12-17,61,21,29
2019-12-18,42,33,37
2019-12-19,70,20,25
2019-12-20,55,20,22
2019-12-21,42,12,19
2019-12-22,25,11,21
2019-12-23,21,20,26
2019-12-24,42,22,25
2019-12-25,55,29,18
2019-12-26,68,23,21
2019-12-27,72, , 
2019-12-29,57,10,16
2019-12-30,34, , 
2019-07-02,55,20,16
2019-07-03,53,22,15
2019-07-04,59,15,13
2019-07-05,42,18,12
2019-07-06,50,20,11
2019-07-07,57,22,15
2019-07-08,55,22,11
2019-07-09,57,21,15
2019-07-10,53,12,10
2019-07-11,34,12,19
2019-07-12,34,15,12
2019-07-13,42,18,5
2019-07-14,53,7,5
2019-07-15,21,6,11
2019-07-16,21,10,19
2019-07-17,38,12,15
2019-07-18,38,12,25
2019-07-19,42,16,17
2019-07-20,50,14,16
2019-07-21,50,16,15
2019-07-22,53,20,17
2019-07-23,55,17,22
2019-07-24,55, ,17
2019-07-27,55,14,11
2019-07-28,42,7,6
2019-07-29,17,18,10
2019-07-30,30,15,9
2019-07-31,34,15,11
2019-08-01,42,14,17
2019-08-02,46,16,19
2019-08-03,42,10,11
2019-08-04,34,11,11
2019-08-05,34,15,11
2019-08-06,38, ,11
2019-08-08,42,26,11
2019-08-09,53,22,10
2019-08-10,57,15,13
2019-08-11,46,14,17
2019-08-12,42,17,13
2019-08-13,46,14,8
2019-08-14,38,10,6
2019-08-15,21,9,2
2019-08-16,21,10,4
2019-08-17,21,10,5
2019-08-18,30,12,7
2019-08-19,34,12,10
2019-08-20,38,13,13
2019-08-21,38,15,10
2019-08-22,42,17,8
2019-08-23,53,14,10
2019-08-24,42,13,12
2019-08-25,42,14,12
2019-08-26,46,17,12
2019-08-27,61,19,11
2019-08-28,59,20,11
2019-08-29,63,22,13
2019-08-30,57,25,15
2019-08-31,57,24,9
2019-09-01,61,20,8
2019-09-02,61,20,14
2019-09-03,57, , 
2019-09-05,25,13,17
2019-09-06,34,10,14
2019-09-07,34,10,10
2019-09-08,21,12,7
2019-09-09,25,10,15
2019-09-10,17,12,18
2019-09-11,25,10,13
2019-09-12,25,14,19
2019-09-13,46,10,20
2019-09-14,38,9,12
2019-09-15,30,12,26
2019-09-16,34,14,20
2019-09-17,42,16,20
2019-09-18,53,20,25
2019-09-19,55,12,9
2019-09-20,34,10,2
2019-09-21,17,11,33
2019-09-22,25,10,18
2019-09-23,30,11,17
2019-09-24,25,13,25
2019-09-25,30,14,29
2019-09-26,25,17,27
2019-09-27,30,19,27
2019-09-28,38,17,20
2019-09-29,38,13,9
2019-09-30,30,14,16
2019-10-01,30,18,21
2019-04-02,59,26,30
2019-04-03,63,15,26
2019-04-04,50,10,12
2019-04-05,30,10,31
2019-04-06,25,14,24
2019-04-07,38,13,19
2019-04-08,46,9,17
2019-04-09,30,13,32
2019-04-10,34,10,17
2019-04-11,30,10,17
2019-04-12,34,8,22
2019-04-13,30,10,10
2019-04-14,34,9,11
2019-04-15,34,11,19
2019-04-16,42,18,24
2019-04-17,59,20,26
2019-04-18,61,17,31
2019-04-19,55,12, 
2019-04-20,38,12,15
2019-04-21,46,12,11
2019-04-22,42,17,6
2019-04-23,53,16,11
2019-04-24,38,30,23
2019-04-25,53,33,16
2019-04-26,61, , 
2019-04-30,17,10,17
2019-05-01,25,10,15
2019-05-02,30,12,12
2019-05-03,38,10,14
2019-05-04,25,10,12
2019-05-05,30,6,6
2019-05-06,13,5,21
2019-05-07,17,10,16
2019-05-08,30,12,23
2019-05-09,30,10,15
2019-05-10,25,15,16
2019-05-11,25,14,12
2019-05-12,38,3,2
2019-05-13,9,4,2
2019-05-14,13,8,2
2019-05-15,21,4,6
2019-05-16,13,10,16
2019-05-17,21,11,19
2019-05-18,30,8,11
2019-05-19,17,6,6
2019-05-20,17, ,14
2019-05-22,25,16,12
2019-05-23,42,15,17
2019-05-24,38,14,16
2019-05-25,46,14,12
2019-05-26,46,7,16
2019-05-27,25,8,7
2019-05-28,17,9,10
2019-05-29,21,7,6
2019-05-30,13,4,8
2019-05-31,13,8,17
2019-06-01,25,11,19
2019-06-02,34,12,11
2019-06-03,42, , 
2019-06-05,42,13,19
2019-06-06,46,18,15
2019-06-07,46,19,15
2019-06-08,46,25,15
2019-06-09,57,30,14
2019-06-10,61,41,19
2019-06-11,63,38,13
2019-06-12,63,27,10
2019-06-13,55,20,29
2019-06-14,46,29,19
2019-06-15,61,42,16
2019-06-16,61,25,8
2019-06-17,55,19,16
2019-06-18,50,16,12
2019-06-19,46,22,18
2019-06-20,55,30,13
2019-06-21,68,21,15
2019-06-22,55,25,11
2019-06-23,50,22,11
2019-06-24,46,15,12
2019-06-25,42,17,12
2019-06-26,42,20,18
2019-06-27,50,20,23
2019-06-28,53,33,22
2019-06-29,70,26,12
2019-06-30,57, , 
2019-01-02,134,24,28
2019-01-03,70,21,33
2019-01-04,61,33,36
2019-01-05,82, , 
2019-01-08,134,62,44
2019-01-09,154,43,34
2019-01-10,109,21,34
2019-01-11,61,27,28
2019-01-12,59,38,33
2019-01-13,91,53,33
2019-01-14,137,20,42
2019-01-15,57,23,39
2019-01-16,57,35,39
2019-01-17,80,10,24
2019-01-18,30,12,22
2019-01-19,34,9,18
2019-01-20,30,9,8
2019-01-21,30,13,10
2019-01-22,50,20,23
2019-01-23,63,13,20
2019-01-24,53,11,10
2019-01-25,42,23,24
2019-01-26,59,34,34
2019-01-27,78,49,39
2019-01-28,124,7,22
2019-01-29,21,11,29
2019-01-30,38,13,14
2019-01-31,38,16,33
2019-02-01,59,21,44
2019-02-02,63,6,21
2019-02-03,13,5,7
2019-02-04,13,6,8
2019-02-05,21,10,22
2019-02-06,30,10,24
2019-02-07,30,25,38
2019-02-08,63,26,34
2019-02-09,65,39,32
2019-02-10,97,24,21
2019-02-11,70,16,33
2019-02-12,38,22,38
2019-02-13,57,19,33
2019-02-14,53,29,41
2019-02-15,68,27,36
2019-02-16,70,16,32
2019-02-17,50,35,37
2019-02-18,85,39,44
2019-02-19,91,34,32
2019-02-20,82,30,39
2019-02-21,72,30,34
2019-02-22,76,31,39
2019-02-23,72,14,18
2019-02-24,38,10,5
2019-02-25,25, ,6
2019-02-27,53,36,46
2019-02-28,70,30,27
2019-03-01,65,33,33
2019-03-02,74,45,34
2019-03-03,107,30,27
2019-03-04,80,22,26
2019-03-05,57,23,30
2019-03-06,38,20, 
2019-03-07,46,24,17
2019-03-08,55,20,27
2019-03-09,38,20,28
2019-03-10,50,24,25
2019-03-11,61,20,21
2019-03-12,53,8,33
2019-03-13,25,22,32
2019-03-14,68,15,27
2019-03-15,42,20,27
2019-03-16,34,18,20
2019-03-17,46,14,7
2019-03-18,30,8,14
2019-03-19,17,3,5
2019-03-20,13,9,4
2019-03-21,25, ,6
2019-03-24,46,17,21
2019-03-25,53,22,27
2019-03-26,55,8,7
2019-03-27,21,8,4
2019-03-28,17,10,6
2019-03-29,30,10,15
2019-03-30,30,15,21
2019-03-31,42,17,23
2019-04-01,50,35,27
2018-10-02,34,6,12
2018-10-03,17,9,16
2018-10-04,21, ,5
2018-10-06,25,17,19
2018-10-07,53,14,20
2018-10-08,46,12,14
2018-10-09,42, , 
2018-10-11,59,26,32
2018-10-12,70,22,18
2018-10-13,68,24,15
2018-10-14,70,25,20
2018-10-15,72,25,21
2018-10-16,70,17,21
2018-10-17,57,8,6
2018-10-18,25,17,16
2018-10-19,50,26,22
2018-10-20,65,30,18
2018-10-21,72,20,11
2018-10-22,59,10,4
2018-10-23,30,17,30
2018-10-24,46,30,38
2018-10-25,61,30,37
2018-10-26,65,24,27
2018-10-27,57,20,18
2018-10-28,42,18,13
2018-10-29,30,29,4
2018-10-30,42,7,14
2018-10-31,13,12,26
2018-11-01,25,20,16
2018-11-02,42,17,22
2018-11-03,42,10,12
2018-11-04,25,12,14
2018-11-05,34,11,21
2018-11-06,25,10,20
2018-11-07,25,12,21
2018-11-08,30,17,23
2018-11-09,42,18,25
2018-11-10,42,21,27
2018-11-11,55,25,16
2018-11-12,68,29,25
2018-11-13,70,30,22
2018-11-14,70,25,23
2018-11-15,70,15,16
2018-11-16,46,10,9
2018-11-17,30,10,4
2018-11-18,25,13,6
2018-11-19,42,10,24
2018-11-20,42,3,5
2018-11-21,13,11,23
2018-11-22,42,21,22
2018-11-23,59, ,17
2018-11-25,46,13,15
2018-11-26,42,10,19
2018-11-27,25,12,17
2018-11-28,34,12,27
2018-11-29,30,18,28
2018-11-30,50,40,36
2018-12-01,93,19,27
2018-12-02,59,30,22
2018-12-03,87,18,25
2018-12-04,57,23,22
2018-12-05,59,28,31
2018-12-06,70,23,21
2018-12-07,68,22,26
2018-12-08,61,13,24
2018-12-09,34,21,18
2018-12-10,46,24,33
2018-12-11,61,23,39
2018-12-12,59,43,37
2018-12-13,97,13,24
2018-12-14,42,10,6
2018-12-15,30,13,24
2018-12-16,50,27,30
2018-12-17,78,8,19
2018-12-18,30,23,33
2018-12-19,61,42,38
2018-12-20,99,34,33
2018-12-21,89,30,28
2018-12-22,70,19,25
2018-12-23,50,27,17
2018-12-24,65,14,16
2018-12-25,46,20,21
2018-12-26,55,29,25
2018-12-27,76,45,28
2018-12-28,112,38,26
2018-12-29,93,31,22
2018-12-30,87,33,21
2018-12-31,87, , 
2018-07-02,50,16,12
2018-07-03,46,23,14
2018-07-04,57,21,11
2018-07-05,50,19,9
2018-07-06,55,17,9
2018-07-07,46,15,21
2018-07-08,42,11,11
2018-07-09,34,12,15
2018-07-10,42,15,13
2018-07-11,50,18,6
2018-07-12,57,20,11
2018-07-13,42,21,17
2018-07-14,46,19,13
2018-07-15,53,19,12
2018-07-16,55,20,11
2018-07-17,53,10,9
2018-07-18,30,15,13
2018-07-19,42,21,17
2018-07-20,50,23,16
2018-07-21,55, ,12
2018-07-26,50,17,21
2018-07-27,50,15,16
2018-07-28,46,17,8
2018-07-29,50,17,6
2018-07-30,50,23,13
2018-07-31,61, ,26
2018-08-02,59,20,20
2018-08-03,57,18,17
2018-08-04,55,17,12
2018-08-05,53,16,12
2018-08-06,55,20,13
2018-08-07,57,18,10
2018-08-08,55,17,14
2018-08-09,50,15,7
2018-08-10,50,14,7
2018-08-11,46,13,9
2018-08-12,34,12,10
2018-08-13,34,13,9
2018-08-14,34,11,10
2018-08-15,25,6,6
2018-08-16,17, ,11
2018-08-18,30,14,11
2018-08-19,42,17,11
2018-08-20,55,20,10
2018-08-21,61,17,13
2018-08-22,53,19,12
2018-08-23,53,18,17
2018-08-24,53,17,13
2018-08-25,53,19,7
2018-08-26,50,8,11
2018-08-27,17,5,14
2018-08-28,17,9,19
2018-08-29,25,23,22
2018-08-30,55,16,15
2018-08-31,42,18,12
2018-09-01,46,14,9
2018-09-02,34,10,17
2018-09-03,30,10,15
2018-09-04,30,13,18
2018-09-05,38,14,17
2018-09-06,38, ,18
2018-09-08,38,13,14
2018-09-09,42,14,20
2018-09-10,38,19,36
2018-09-11,50,21,29
2018-09-12,53,21,38
2018-09-13,53,20,28
2018-09-14,53,21,16
2018-09-15,55,22,14
2018-09-16,53,20,14
2018-09-17,53,23,21
2018-09-18,46,20,20
2018-09-19,46,20,14
2018-09-20,50,19,20
2018-09-21,53,24,20
2018-09-22,59,21,39
2018-09-23,55,19,10
2018-09-24,46,14,6
2018-09-25,34,11,1
2018-09-26,21,12,5
2018-09-27,21,19,23
2018-09-28,50,20,37
2018-09-29,38,18,20
2018-09-30,46,20,29
2018-10-01,46,11,20
2018-04-02,21,16,11
2018-04-03,21,16,26
2018-04-04,34,12,16
2018-04-05,34,14,19
2018-04-06,34,17,33
2018-04-07,46,12,24
2018-04-08,38,12,24
2018-04-09,38,10,19
2018-04-10,38, ,16
2018-04-11,34, ,22
2018-04-14,50,12,16
2018-04-15,38,30,6
2018-04-16,65,34,24
2018-04-17,63,28,25
2018-04-18,57,17,26
2018-04-19,46,20,21
2018-04-20,57,19,27
2018-04-21,46,27,17
2018-04-22,55,19,16
2018-04-23,50,27,19
2018-04-24,59,29,26
2018-04-25,63,23,10
2018-04-26,57,24,13
2018-04-27,59,25,15
2018-04-28,59,29,14
2018-04-29,65,27,14
2018-04-30,65,14,12
2018-05-01,30,13,11
2018-05-02,34,11,7
2018-05-03,38,16,15
2018-05-04,38,13,2
2018-05-05,34,20,11
2018-05-06,46,16,19
2018-05-07,50,20,16
2018-05-08,55,21,18
2018-05-09,57,17,14
2018-05-10,50,13,15
2018-05-11,42,16,10
2018-05-12,50,18,8
2018-05-13,46,12,5
2018-05-14,38,8,12
2018-05-15,13,7,10
2018-05-16,17,5,9
2018-05-17,13,11,16
2018-05-18,30,11,13
2018-05-19,34,8,13
2018-05-20,30,11,13
2018-05-21,38,20,21
2018-05-22,55,10,11
2018-05-23,25,14,20
2018-05-24,38,13,12
2018-05-25,38,20,15
2018-05-26,57,20,14
2018-05-27,57,17,14
2018-05-28,53,20,13
2018-05-29,53,21,13
2018-05-30,53,23,21
2018-05-31,53,20,9
2018-06-01,50,16,8
2018-06-02,42,13,13
2018-06-03,42,12,11
2018-06-04,34,18,14
2018-06-05,42,10,7
2018-06-06,25,12,11
2018-06-07,34,14,10
2018-06-08,38,10,11
2018-06-09,21,11,8
2018-06-10,30,13,14
2018-06-11,38,19,26
2018-06-12,53,13,17
2018-06-13,42, ,28
2018-06-15,25,8,8
2018-06-16,5,13,12
2018-06-17,38,14,15
2018-06-18,46,18,14
2018-06-19,53,13,18
2018-06-20,38,13,15
2018-06-21,38,19,12
2018-06-22,53,15,15
2018-06-23,46,8,5
2018-06-24,21,10,14
2018-06-25,30,9,10
2018-06-26,25,8,10
2018-06-27,25,10,12
2018-06-28,21,13,16
2018-06-29,30,14,15
2018-06-30,34,20,12
2018-07-01,53,23,10
2018-01-02,74,9,34
2018-01-03,5,18,31
2018-01-04,55, ,42
2018-01-07,57,39,27
2018-01-08,87,47,39
2018-01-09,91,28,33
2018-01-10,57,23,28
2018-01-11,57,13,27
2018-01-12,46,10,9
2018-01-13,34,16,22
2018-01-14,53,18,19
2018-01-15,57,29,28
2018-01-16,74,14,12
2018-01-17,21,13,23
2018-01-18,25,17,33
2018-01-19,25,24,33
2018-01-20,50,25,27
2018-01-21,61,10,20
2018-01-22,30,32,37
2018-01-23,70,32,31
2018-01-24,78,37,39
2018-01-25,78,34,32
2018-01-26,80,23,29
2018-01-27,61,32,29
2018-01-28,78,30,26
2018-01-29,80,28,28
2018-01-30,70,18,27
2018-01-31,50,18,23
2018-02-01,57,10,21
2018-02-02,30,5,27
2018-02-03,13,4,16
2018-02-04,13,13,23
2018-02-05,46,14,31
2018-02-06,46, ,27
2018-02-10,63,21,19
2018-02-11,61,24,31
2018-02-12,68,13,21
2018-02-13,50,9,23
2018-02-14,30,15,27
2018-02-15,42,26,40
2018-02-16,68,59,45
2018-02-17,132,45,38
2018-02-18,114,10,28
2018-02-19,34,6,6
2018-02-20,21,11,32
2018-02-21,46,7,6
2018-02-22,25,4,7
2018-02-23,13,2,6
2018-02-24,5,10,5
2018-02-25,34,10,4
2018-02-27,55,19,7
2018-02-28,63,23,27
2018-03-01,70,12,7
2018-03-02,46,14,44
2018-03-03,38,8,33
2018-03-04,30,13,27
2018-03-05,42,6,12
2018-03-06,25, ,25
2018-03-11,63,14,27
2018-03-12,46,10,27
2018-03-13,13,17,25
2018-03-14,25,16,37
2018-03-15,34,12,17
2018-03-16,38,13,27
2018-03-17,30,9,15
2018-03-18,25,8,14
2018-03-19,25,4,17
2018-03-20,13,8,14
2018-03-21,25, ,4
2018-03-23,42,12,39
2018-03-24,34,12,28
2018-03-25,42,14,18
2018-03-26,50,15,26
2018-03-27,52,21,33
2018-03-28,61,20,30
2018-03-29,53,15,20
2018-03-30,34,12,13
2018-03-31,34,9,13
2018-04-01,17,11,11
2017-10-02,57,19,40
2017-10-03,53,20,19
2017-10-04,59,19,38
2017-10-05,55,17,22
2017-10-06,53,11,18
2017-10-07,34,13,30
2017-10-08,30,14,28
2017-10-09,38, ,40
2017-10-12,50,29,33
2017-10-13,65,27,40
2017-10-14,63,29,30
2017-10-15,65,23,34
2017-10-16,65,27,42
2017-10-17,63,32,45
2017-10-18,68,32,42
2017-10-19,68,33,44
2017-10-20,70,30,43
2017-10-21,61,28,33
2017-10-22,63,19,13
2017-10-23,34,10,34
2017-10-24,25,16,39
2017-10-25,42,15,41
2017-10-26,38,26,44
2017-10-27,53,28,37
2017-10-28,68,20,34
2017-10-29,57,20,22
2017-10-30,50,19,29
2017-10-31,53,18,31
2017-11-01,38,23,36
2017-11-02,55,34,32
2017-11-03,78,38,36
2017-11-04,107,18,22
2017-11-05,57,12,19
2017-11-06,38,11,33
2017-11-07,25,10,24
2017-11-08,34,16,29
2017-11-09,42,20,22
2017-11-10,55,13,27
2017-11-11,42,20,27
2017-11-12,59,19,18
2017-11-13,57,2,7
2017-11-14,9,6,6
2017-11-15,17,9,14
2017-11-16,21,10,19
2017-11-17,30,12,26
2017-11-18,38,11,32
2017-11-19,34,25,26
2017-11-20,70,30,37
2017-11-21,78,30,43
2017-11-22,78,44,40
2017-11-23,99,47,28
2017-11-24,104,40,29
2017-11-25,93,24,21
2017-11-26,63,8,17
2017-11-27,17,14,31
2017-11-28,46,41,36
2017-11-29,99,21,39
2017-11-30,68,18,25
2017-12-01,53,24,27
2017-12-02,65,11,15
2017-12-03,30,10,17
2017-12-04,30,29,37
2017-12-05,65,48,43
2017-12-06,112,58,48
2017-12-07,149,40,32
2017-12-08,99,10,24
2017-12-09,25,14,26
2017-12-10,46,27,34
2017-12-11,78,15,10
2017-12-12,25,10,27
2017-12-13,25,12,28
2017-12-14,25,10,25
2017-12-15,17,12,31
2017-12-16,25,6,25
2017-12-17,21,12,28
2017-12-18,34,33,36
2017-12-19,78,26,35
2017-12-20,72,22,27
2017-12-21,65,24,33
2017-12-22,65,47,40
2017-12-23,107,40,41
2017-12-24,97,49,32
2017-12-25,127,68,51
2017-12-26,162,18,20
2017-12-27,61,7,24
2017-12-28,21,8,22
2017-12-29,25, , 
2018-01-01,99,27,20
2017-07-02,21,12,11
2017-07-03,25,10,11
2017-07-04,30,13,16
2017-07-05,34,13,18
2017-07-06,34,12,20
2017-07-07,34,18,25
2017-07-08,38,17,17
2017-07-09,50,16,13
2017-07-10,46,17,17
2017-07-11,42,18,9
2017-07-12,46,18,10
2017-07-13,50,19,10
2017-07-14,46,18,11
2017-07-15,46,9,6
2017-07-16,25,10,5
2017-07-17,21,10,11
2017-07-18,30,19,19
2017-07-19,50,20,17
2017-07-20,53,21,23
2017-07-21,57,19,13
2017-07-22,55,22,12
2017-07-23,57,21,9
2017-07-24,53,24,15
2017-07-25,46,18,14
2017-07-26,34,17,12
2017-07-27,46,18,19
2017-07-28,46,18,12
2017-07-29,42,15,18
2017-07-30,38,14,11
2017-07-31,42,19,24
2017-08-01,50,21,28
2017-08-02,55,27,33
2017-08-03,59,32,19
2017-08-04,59,29,28
2017-08-05,63,31,23
2017-08-06,65,22,10
2017-08-07,55,15,7
2017-08-08,50,18,13
2017-08-09,42,22,15
2017-08-10,50,19,14
2017-08-11,46,16,9
2017-08-12,30,10,11
2017-08-13,21,9,9
2017-08-14,25,8,12
2017-08-15,21,10,13
2017-08-16,34,10,20
2017-08-17,30,14,12
2017-08-18,38,16,12
2017-08-19,50,18,11
2017-08-20,46,10,7
2017-08-21,21,7,6
2017-08-22,21, ,12
2017-08-24,30,15,16
2017-08-25,34,16,16
2017-08-27,38,16,28
2017-08-28,50,20,17
2017-08-29,59,16,12
2017-08-30,59,20,22
2017-08-31,55,22,15
2017-09-01,55,15,10
2017-09-02,34,12,8
2017-09-03,21,4,14
2017-09-04,9,8,18
2017-09-05,24,9,18
2017-09-06,25, , 
2017-09-09,21,15,7
2017-09-10,38,10,20
2017-09-11,25,11,18
2017-09-12,30,20,13
2017-09-13,30,17,15
2017-09-14,25,12,16
2017-09-15,21,14,21
2017-09-16,30,11,16
2017-09-17,30,10,7
2017-09-18,13,10,17
2017-09-19,25,5,15
2017-09-20,13,10,33
2017-09-21,30,14,35
2017-09-22,38,16,41
2017-09-23,38,15,20
2017-09-24,42,12,14
2017-09-25,38,9,19
2017-09-26,25,10,24
2017-09-27,38,18,21
2017-09-28,59,25,28
2017-09-29,63,21,22
2017-09-30,55,20,24
2017-10-01,57,20,13
2017-04-02,59,22,22
2017-04-03,60,20,22
2017-04-04,59,21,37
2017-04-05,60,21,30
2017-04-06,62,20,33
2017-04-07,59,15,29
2017-04-08,46,19,24
2017-04-09,56,19,25
2017-04-10,55,18,22
2017-04-11,55,19,22
2017-04-12,55,16,23
2017-04-13,50,20,21
2017-04-14,50,18,18
2017-04-15,52,19,13
2017-04-16,50,10,8
2017-04-17,38,6,17
2017-04-18,21,6,20
2017-04-19,24,7,17
2017-04-20,17,11,24
2017-04-21,29,13,23
2017-04-22,37,16,20
2017-04-23,38,15,18
2017-04-24,30,15,17
2017-04-25,41,15,10
2017-04-26,38,20,9
2017-04-27,41,24,17
2017-04-28,45,12,20
2017-04-29,25,10,10
2017-04-30,29,10,13
2017-05-01,30,10,11
2017-05-02,25,11,21
2017-05-03,21,10,17
2017-05-04,21,11,13
2017-05-05,29,10,35
2017-05-06,30,13,22
2017-05-07,41,14,11
2017-05-08,42, ,25
2017-05-10,13,9,12
2017-05-11,29,17,20
2017-05-12,37,18,18
2017-05-13,41,17,13
2017-05-14,38,14,8
2017-05-15,34,10,16
2017-05-16,30,8,10
2017-05-17,25,9,17
2017-05-18,29,17,24
2017-05-19,41,18,21
2017-05-20,52,17,10
2017-05-21,30,8,8
2017-05-22,21,15,14
2017-05-23,37,15,14
2017-05-24,38,15,23
2017-05-25,41,11,11
2017-05-26,34,9,11
2017-05-27,25,17,18
2017-05-28,41,14,26
2017-05-29,42,16,19
2017-05-30,42,17,14
2017-05-31,45,17,15
2017-06-01,49,20,17
2017-06-02,50,17,10
2017-06-03,46,17,10
2017-06-04,49,14,9
2017-06-05,38,15,14
2017-06-06,38,16,12
2017-06-07,38,21,15
2017-06-08,38,22,19
2017-06-09,38,21,23
2017-06-10,46,25,18
2017-06-11,54,17,14
2017-06-12,50,18,15
2017-06-13,54,28,16
2017-06-14,62,20,17
2017-06-15,50,19,13
2017-06-16,50,23,15
2017-06-17,60,18,10
2017-06-18,55,11,5
2017-06-19,26,11,13
2017-06-20,29,12,15
2017-06-21,30, ,15
2017-06-23,46,17,12
2017-06-24,42,19,18
2017-06-25,54,20,11
2017-06-26,53,21,17
2017-06-27,53,22,19
2017-06-28,50,20,11
2017-06-29,42,10,8
2017-06-30,18,9,11
2017-07-01,17,10,9
2017-01-04,46,23,33
2017-01-05,63,17,22
2017-01-06,57,10,27
2017-01-07,30,19,34
2017-01-08,55,29,33
2017-01-09,78, ,44
2017-01-11,72,27,39
2017-01-12,72,41,44
2017-01-13,99,20,38
2017-01-14,59,30,38
2017-01-15,87,12,22
2017-01-16,50,8,7
2017-01-17,25,9,6
2017-01-18,25,15,6
2017-01-19,46,15,8
2017-01-20,50,15,13
2017-01-21,55,18,22
2017-01-22,61,14,22
2017-01-23,55,12,32
2017-01-24,46,12,37
2017-01-25,38,19,28
2017-01-26,57,28,41
2017-01-27,76,40,47
2017-01-28,89,33,43
2017-01-29,80,39,40
2017-01-30,93,55,48
2017-01-31,149,40,40
2017-02-01,109,16,31
2017-02-02,50,16,24
2017-02-03,50,19,32
2017-02-04,42,14,19
2017-02-05,21,11,16
2017-02-06,21,3,10
2017-02-07,13,9,23
2017-02-08,25,13,23
2017-02-09,42,12,7
2017-02-10,46,15,25
2017-02-11,53,20,32
2017-02-12,59,22,33
2017-02-13,65,21,28
2017-02-14,65,20,25
2017-02-15,65,31,42
2017-02-16,74,30,38
2017-02-17,78,19,24
2017-02-18,55,12,29
2017-02-19,42,16,34
2017-02-20,53,21,40
2017-02-21,65,29,37
2017-02-22,76,27,37
2017-02-23,72,20,27
2017-02-24,53,13,24
2017-02-25,34,5,10
2017-02-26,13,12,34
2017-02-27,42,21,35
2017-02-28,59,21,27
2017-03-01,53,19,23
2017-03-02,25,18,27
2017-03-03,30,20,33
2017-03-04,55,14,19
2017-03-05,46,6,8
2017-03-06,13,14,25
2017-03-07,21,10,32
2017-03-08,34,11,37
2017-03-09,42,18,42
2017-03-10,55,15,37
2017-03-11,50,9,38
2017-03-12,30,16,36
2017-03-13,50, ,29
2017-03-15,59,20,34
2017-03-16,59,24,47
2017-03-17,61,22,32
2017-03-18,59,21,17
2017-03-19,50,26,31
2017-03-20,55,27,26
2017-03-21,68,23,30
2017-03-22,59,19,18
2017-03-23,55,14,35
2017-03-24,42,17,16
2017-03-25,53,17,19
2017-03-26,50,8,16
2017-03-27,17,9,15
2017-03-28,33,13,26
2017-03-29,41,17,32
2017-03-30,52,23,39
2017-03-31,58,25,31
2017-04-01,62,23,35
2020-07-02, ,14,8
2020-06-14, ,7,5
2020-05-21, ,10,17
2020-04-11, ,18, 
2020-04-12, ,14,9
2020-02-22, ,33,41
2020-01-05, ,31, 
2020-01-06, ,26,25
2019-10-26, ,21,30
2019-12-28, ,17,20
2019-07-01, ,22,18
2019-07-26, ,20,11
2019-08-07, ,16,16
2019-09-04, ,10,15
2019-04-29, ,7, 
2019-05-21, ,12,11
2019-06-04, ,15,12
2019-01-01, ,51,26
2019-01-07, ,53, 
2019-02-26, ,22,38
2019-03-23, ,15,30
2018-10-05, ,10,17
2018-10-10, ,20, 
2018-11-24, ,18,19
2018-07-25, ,21,15
2018-08-01, ,21,38
2018-08-17, ,10,13
2018-09-07, ,15,12
2018-04-13, ,16,36
2018-06-14, ,8,12
2018-01-06, ,21,22
2018-02-09, ,27,34
2018-02-26, ,16,7
2018-03-10, ,26,32
2018-03-22, ,12,22
2017-10-11, ,24,42
2017-12-31, ,42,25
2017-08-23, ,13,14
2017-08-26, ,18,17
2017-09-08, ,12,14
2017-05-09, ,6,15
2017-06-22, ,18,15
2017-01-03, ,12,19
2017-01-10, ,28,28
2017-03-14, ,22, 
2018-07-22, , ,6
2018-07-23, , ,22
2018-07-24, , ,20
2020-07-01, , ,13
2020-03-03, , ,23
2020-02-20, , ,35
2020-02-21, , ,35
2020-01-01, , ,29
2019-10-25, , ,20
2019-07-25, , ,14
2019-03-22, , ,6
2018-04-12, , ,28
2018-01-05, , ,28
2018-02-07, , ,22
2018-02-08, , ,30
2018-03-07, , ,33
2018-03-08, , ,33
2018-03-09, , ,37
2019-04-27, , , 
2019-04-28, , , 
2019-01-06, , , 