"","date","import_status","Napoli","Piacenza","Parma","Reggio_Emilia","Modena","Bologna","Rimini","Roma","Varese","Como","Milano","Bergamo","Brescia","Pavia","Cremona","Mantova","Lecco","Lodi","Monza","Bolzano","Torino","Cuneo","Alessandria","Firenze","Verona"
"1",2020-02-24,"local",NA,NA,NA,NA,NA,NA,NA,NA,NA,NA,NA,NA,NA,NA,NA,NA,NA,NA,NA,NA,NA,NA,NA,NA,NA
"2",2020-02-25,"local",NA,1.41160088847224,NA,NA,NA,NA,NA,NA,NA,NA,1.85699520428705,1.68593576549266,NA,1.54111838307043,1.51522510018608,1.15438478128775,NA,1.28169589338436,NA,NA,NA,NA,NA,NA,NA
"3",2020-02-26,"local",NA,1.36183695283084,NA,NA,1.6707400516815,NA,NA,NA,NA,NA,1.81640046225527,1.65412354327309,NA,1.51943724465987,1.4781837677318,1.12688466821773,NA,1.23657349605652,NA,NA,NA,NA,NA,NA,NA
"4",2020-02-27,"local",NA,1.32030094259566,NA,NA,1.66382107669824,NA,NA,NA,NA,NA,1.79274045106055,1.61275593081867,1.81074624743639,1.49995373150846,1.45570910968912,1.15387754492027,NA,1.1830650651795,NA,NA,NA,NA,NA,NA,NA
"5",2020-02-28,"local",NA,1.28737980268969,1.4804264432062,NA,1.65846350153175,NA,NA,NA,NA,NA,1.75342960530238,1.57750313911274,1.76558883220123,1.47964516567423,1.42866092650016,1.18260471565201,NA,1.13463883322879,NA,NA,1.72379265825945,NA,NA,1.7226836569054,NA
"6",2020-02-29,"local",1.60213166453516,1.25576875094337,1.43194861863879,NA,1.64438528050841,NA,1.58948485004261,NA,NA,NA,1.71714351440489,1.54326275692842,1.72760134480024,1.45771273448141,1.40366700801535,1.2100348284183,NA,1.0836494098933,NA,NA,1.71873631252541,NA,NA,1.70717897421791,NA
"7",2020-03-01,"local",1.58611293189611,1.23017933258938,1.39883435537036,NA,1.63951913307356,NA,1.54848640046351,NA,NA,NA,1.6758700109278,1.50886826924451,1.68313462661241,1.43624844920407,1.37557878643646,1.27528701277687,NA,1.0449327600939,NA,NA,1.71035607255502,0.877845926212397,NA,1.67208074015918,NA
"8",2020-03-02,"local",1.58884759174874,1.21262278894078,1.36086701954823,NA,1.61949294181632,NA,1.50572201747931,NA,NA,NA,1.64158844166008,1.47874487400305,1.62693577785589,1.41706389263836,1.35169744761413,1.31911341490598,NA,1.01059534380057,NA,NA,1.70516160526856,0.833031938488067,NA,1.64312175279367,1.68392479506782
"9",2020-03-03,"local",1.59208331762246,1.20912746425871,1.33166227457886,1.67072330399088,1.59979203590663,NA,1.45061248509161,1.62611865890012,NA,NA,1.60426779168784,1.44565277450341,1.5791258250616,1.39990599372912,1.31136824474352,1.3915899936915,NA,0.984422663965637,NA,NA,1.70794136262681,0.813200464072116,NA,1.61483585131435,1.66380050566628
"10",2020-03-04,"local",1.56254908347717,1.20442259968716,1.3022283329593,1.64863788455707,1.57934627178918,1.60427919702036,1.41696908689307,1.60852467519815,NA,NA,1.5710807200974,1.4130178964552,1.53104641876705,1.3799531669326,1.27444113095775,1.42752207980955,NA,0.970348311769295,NA,NA,1.70452043805954,0.831484438813073,1.5912476037605,1.60688823215061,1.62533452494669
"11",2020-03-05,"local",1.53990132937667,1.21102361175304,1.2915680312165,1.63532536505976,1.54975405672183,1.5717645217981,1.37091960486675,1.5860060198453,1.52391074886567,1.60034691170656,1.54474851264047,1.37172748871044,1.46320708780657,1.35681528823882,1.23052727753734,1.47131351367375,NA,0.963042107865253,1.67000725327248,NA,1.68038901028169,0.895342005272834,1.56684268976969,1.58073037603799,1.60244131772262
"12",2020-03-06,"local",1.49953047305642,1.21589682086402,1.27464464464107,1.62946302565273,1.54423259075049,1.55146798688831,1.32215403524632,1.56171120253179,1.48650106999191,1.54813329287363,1.50832988803422,1.32755078295584,1.40878262413064,1.33499125164454,1.187276712139,1.4686419050027,NA,0.960191702067827,1.63926065863458,NA,1.66898705304233,0.960406905391971,1.54087447795597,1.56888271398865,1.57021397051847
"13",2020-03-07,"local",1.46486460061279,1.2285834412262,1.2549271823581,1.62627757811236,1.51746393127374,1.54527033566357,1.28912713336498,1.52978273161509,1.44421124644285,1.50133012757437,1.4734694298588,1.28207567338221,1.35606063761001,1.30334745309242,1.14967092589942,1.46135937964668,1.4275696185306,0.957301548867593,1.61212919603809,1.55663005274261,1.65261831729665,1.05181958545342,1.51067781093088,1.55007710018613,1.52736736859486
"14",2020-03-08,"local",1.42620147275137,1.23387998848342,1.23672034161807,1.608239510194,1.48494457663828,1.53261303669687,1.25661354634356,1.49352280163297,1.40622386069792,1.46258306963684,1.43787837425875,1.23811924408842,1.30190864273246,1.27741107986633,1.11568499084056,1.43432344284254,1.37981976269552,0.961939893543746,1.58366586794526,1.49646950444131,1.618387407964,1.15079732541396,1.47581175961361,1.50829131377274,1.50026163952915
"15",2020-03-09,"local",1.39004389943855,1.23286108967941,1.21576319122617,1.59986252165525,1.4512863276365,1.50993801300098,1.21483928702481,1.45066596874111,1.36439840099484,1.42815631642031,1.39543235530938,1.18846532699704,1.25230180216039,1.23909957468852,1.08799293636642,1.4009016649921,1.3310304986312,0.960203234749858,1.55086642868432,1.44757205702066,1.59694244777577,1.20877699785976,1.45189964293955,1.4879148041248,1.45329560331067
"16",2020-03-10,"local",1.35816934760456,1.2243758577138,1.19180369791095,1.57894171413152,1.41426078246939,1.48385400483601,1.19327100023795,1.40525060601447,1.33565413277342,1.38250822874926,1.3662534437039,1.14817320950087,1.20574852349098,1.20341864525137,1.06285816756679,1.34815362151485,1.2871000484011,0.954208629937068,1.50780695900142,1.39890955307901,1.56072289660737,1.24435084128179,1.42510740899859,1.45390613364059,1.40914550961582
"17",2020-03-11,"local",1.34027713060707,1.19500098521902,1.17650809518222,1.53707647735693,1.37514756198094,1.45507969916237,1.16816311069088,1.36455546873308,1.2993111530137,1.34648539757283,1.33586911561442,1.11263172686312,1.16995391815507,1.16746642863286,1.03287680747895,1.2949579236955,1.24919010522134,0.950796432569926,1.4681749947409,1.36494748451545,1.51771940704941,1.27761058592941,1.38993373057422,1.42072806889502,1.35803853610792
"18",2020-03-12,"local",1.31279951555338,1.15106295498215,1.15819044466838,1.50184237940475,1.34503548121964,1.42646208542328,1.1561250620503,1.32336942930794,1.2632283755009,1.31767167913688,1.30699121717375,1.07665731377007,1.13664648389037,1.13060773567832,1.011806570151,1.2361969437513,1.21694256909234,0.948122081671419,1.43060917035478,1.3151546437682,1.46556703612109,1.27823415094062,1.34526873213627,1.38600459981678,1.314477717393
"19",2020-03-13,"local",1.29226244597211,1.10549150450055,1.14266102287935,1.43462500268993,1.31738045007952,1.40062664575796,1.13410860013211,1.29162607322734,1.25153901555281,1.29003000057181,1.28206029970039,1.04415244425776,1.09873424141623,1.10449842757535,0.99201665882974,1.15991159984789,1.19096452080334,0.942836325573007,1.38496084398762,1.28238164612274,1.41256433637099,1.26848999039902,1.30344535626791,1.35856812510618,1.27527180985717
"20",2020-03-14,"local",1.27467165829719,1.05886319775517,1.129785715386,1.36115568015292,1.2883932496279,1.36958611105817,1.10326604048006,1.25382833210556,1.24880453259479,1.264480512701,1.25192994961172,1.01797255167806,1.06479767707244,1.08665000533372,0.973633419206292,1.12741945092532,1.16580575839986,0.937299065042212,1.34074771109194,1.22499244499106,1.36369295070795,1.19939504230856,1.25584150519019,1.31248628432113,1.22915692793328
"21",2020-03-15,"local",1.24502405513258,1.0148725735808,1.11798548622993,1.27887754113527,1.25190635042255,1.33680112439332,1.07475120161237,1.22229216544703,1.24000066568215,1.2418743903256,1.21250638950557,0.995448870379714,1.02636507607888,1.07291373227458,0.958873379092099,1.07654613198216,1.13318444944247,0.931959008719381,1.29478257290423,1.18466309697597,1.29934670205395,1.20161629333076,1.2049677603719,1.28085546081468,1.19513494440017
"22",2020-03-16,"local",1.22763340855669,0.986272879937087,1.09846245424189,1.20055059952708,1.20681965013277,1.3114471122388,1.03434076393096,1.1863262838503,1.23637760685215,1.2153301226047,1.160194881359,0.977314061737843,0.993103240028232,1.05610078554358,0.947835790754807,1.0426713621072,1.08931346896498,0.918022008239018,1.23333548327125,1.14980141244655,1.24624949396594,1.13822803117514,1.16159008752564,1.24467341535362,1.16876893923228
"23",2020-03-17,"local",1.20549641793383,0.955806243757071,1.07419389310146,1.13279312838183,1.16479038086222,1.27992792269621,0.982631849357595,1.15592197671563,1.23687064356486,1.19609020822018,1.10956768314786,0.952801290203407,0.960663129227343,1.05196302198345,0.928544014741803,0.997626102870513,1.04507437352384,0.896996857691957,1.17228078539139,1.11061733221627,1.20114987212161,1.10359033070811,1.10430202640691,1.22121563791444,1.14792329753615
"24",2020-03-18,"local",1.18845420083248,0.932328135798341,1.03574394231119,1.07056976217522,1.11852117783549,1.25005274890226,0.931970124953492,1.12473282754884,1.23820730964163,1.16160430676512,1.06244602696606,0.920235396404949,0.935695956667168,1.03959915268272,0.910303532689498,0.979836172300585,0.987571832305728,0.872636425696483,1.10662690243215,1.08827156424002,1.16255951490011,1.06093301999225,1.05550017949978,1.20296885222557,1.12065433962793
"25",2020-03-19,"local",1.18397287134128,0.914190883380882,0.986996906942404,1.0220246744402,1.06371161117406,1.2100758713223,0.888818258152765,1.09127432779132,1.23419676573133,1.13878295040374,1.02394337001029,0.881822113095697,0.916118247727691,1.02631848623484,0.891203686272045,0.946695565604146,0.945513816369296,0.840175458878672,1.05589447743026,1.07083938707484,1.12951632714766,1.00614950478861,1.02036993256791,1.19037581444199,1.10545461514208
"26",2020-03-20,"local",1.1840052262454,0.892116514301777,0.940912031179884,0.993290411641187,1.01167063775284,1.168410481693,0.842011654152482,1.05797743734918,1.23005741895871,1.11321431884653,1.00190307940343,0.844999654995844,0.890625047021105,1.01755672829328,0.872657971202676,0.916538071129574,0.915371540604427,0.820156495862544,1.02068427381121,1.06385419998981,1.106168311924,0.985466804867627,0.999839159537428,1.17970258391836,1.08972893277232
"27",2020-03-21,"local",1.18010213585845,0.868672728697332,0.897240108857418,0.980561078660867,0.964184046916362,1.12291755287137,0.802753382093117,1.02458484765888,1.21498057484614,1.08343225391439,0.994108938238955,0.825727453096948,0.873665523385343,1.00701791761345,0.864250885285892,0.866097838436871,0.892216212592272,0.810699888519949,0.987827654463676,1.04807448565231,1.08779206527122,0.973518684371037,0.989053859071021,1.17321917508604,1.07597177127632
"28",2020-03-22,"local",1.16939312027211,0.843605183969053,0.87216249703758,0.971723184652566,0.911749224404614,1.073729098828,0.778715822395099,1.00111448332226,1.19628480026273,1.07077311446951,0.988063778692973,0.80516567731702,0.85168663431432,1.00033341107412,0.85056098489178,0.840612049749553,0.870514475292159,0.807055838859913,0.956215241855894,1.03337327867228,1.06620157780318,0.96092614504267,0.984328086245259,1.1691818227305,1.06219671725249
"29",2020-03-23,"local",1.15969018507328,0.827202394219569,0.855143249367914,0.96092178291662,0.878047283769361,1.02874194743099,0.754363837779175,0.978714657203621,1.1598178311153,1.05374228498034,0.977549382330107,0.784459762678062,0.834144256059752,0.993966877878298,0.837287729594094,0.817103563780039,0.852294243792433,0.805252618345817,0.924773236265388,1.01640655414939,1.05440971557619,0.978043472575554,0.987890197517307,1.16119475420871,1.04468136894292
"30",2020-03-24,"local",1.14001112392283,0.812742366902696,0.852366839578634,0.960366116555707,0.846328402087079,0.988268876282734,0.737808089208508,0.958587193902359,1.12151507897464,1.0365077088284,0.962792467118035,0.754585962511186,0.820678340568782,0.989600819430304,0.827322198525687,0.793902592435847,0.83485443472336,0.809695620086106,0.899518300295616,0.99383903994326,1.0411543070817,0.98194557720264,0.994873017443398,1.15709859178808,1.02180719326848
"31",2020-03-25,"local",1.10826447587301,0.792417154124164,0.843535983592597,0.953386753450474,0.82328200419819,0.951709057935547,0.727450691077847,0.945450759950263,1.07661493266797,1.02711451337445,0.944728578634062,0.7171782443019,0.809503391061909,0.986430675418902,0.821455268723515,0.781513677504689,0.81036537718491,0.821252884271271,0.877030668533384,0.970011367193131,1.03253910884261,0.982220548945215,1.00727840681061,1.14946706637657,0.995239460960089
"32",2020-03-26,"local",1.07388829146987,0.777871234218812,0.848636821850197,0.948967707630138,0.808072821843611,0.926448586807561,0.720086760948211,0.933340751388522,1.05211872106395,1.013423341987,0.936560384124907,0.690153616216133,0.801204502334594,0.981313928328268,0.82162986410487,0.770320918092857,0.788885252247928,0.83796982967679,0.866705173891446,0.933747054360973,1.02688442916986,0.998957908645918,1.02225265258565,1.12937539992566,0.97134220916031
"33",2020-03-27,"local",1.0272569718486,0.760997996637843,0.85574385853593,0.945653016292761,0.802010549099628,0.907293500266758,0.721951911240925,0.924803022335305,1.0450125320632,1.00905041422615,0.932923068511272,0.682557598738345,0.799184565307991,0.974521754054661,0.834983471608752,0.780871257444458,0.780343083254776,0.860925767169995,0.865762298898142,0.912011679333857,1.02389878374252,1.02151209012176,1.03719062237675,1.09746973209527,0.953498225823917
"34",2020-03-28,"local",0.978790465842996,0.751058012897342,0.859313824478128,0.937712932122496,0.798278080612459,0.898179963958133,0.728648406105196,0.91841783149082,1.04011424772368,1.01132524878246,0.930701304894568,0.686779487816961,0.805108493748879,0.972099025414796,0.856177879506835,0.798277163914362,0.776061996382434,0.893658431171715,0.863308552407038,0.895545534072048,1.0220541321638,1.05266218020294,1.05485954704932,1.06425512303789,0.944013572086752
"35",2020-03-29,"local",0.930139469802472,0.739182555324029,0.86218773298367,0.925975165333436,0.798944551960409,0.89119711558582,0.743796368222616,0.919404405116949,1.04406872113985,1.02691699840814,0.928867138623968,0.687376562736521,0.819895416971931,0.972982456218881,0.889427853990252,0.823821297428594,0.779040351954639,0.920339119629018,0.862447712478476,0.890670707469302,1.0197606093908,1.11092652387836,1.0648364049764,1.0173396795055,0.930125636813081
"36",2020-03-30,"local",0.884346444745054,0.737927273500093,0.855239705021803,0.915145619661387,0.801129037899719,0.887355683834191,0.760073811233548,0.922976707658571,1.04636849656674,1.04275726042939,0.925183129230453,0.692484210530097,0.842438295357236,0.971607838942732,0.925676679161715,0.830324968900508,0.786469617343242,0.939087878632699,0.867320240771076,0.887776556812516,1.01638421204419,1.16185513276386,1.06805259203157,0.96416972602987,0.927474123732696
"37",2020-03-31,"local",0.837759281445463,0.738430844938811,0.855490865422219,0.901551967326467,0.806033209068041,0.88578099889612,0.77310674249567,0.929742270089135,1.04081652829218,1.05934026021885,0.923874909865728,0.690451165032397,0.870228846303016,0.959487108116512,0.9617075960359,0.841304482167642,0.790157052753521,0.973077349214064,0.863163738440079,0.889784323248248,1.01275964362536,1.18001603418335,1.05436838753783,0.918956569090623,0.923826670257499
"38",2020-04-01,"local",0.818986544534478,0.751097812305336,0.846995518441999,0.883284361254546,0.815192567807939,0.889764029221573,0.801199126651192,0.939302260419579,1.03871543521191,1.07125611554458,0.920300818978816,0.68606621939086,0.893469615415902,0.948268785341631,0.989531396299817,0.869826563518753,0.800847057322342,0.99656869693322,0.861866604081108,0.890637991829824,1.00836610015177,1.21066473728826,1.03237695054095,0.885496417037792,0.925967298529746
"39",2020-04-02,"local",0.807111945995711,0.781825984679331,0.839243718511158,0.868289445751502,0.822892725565063,0.892520605078958,0.820913896923372,0.948419212147097,1.02820798740726,1.08248433416694,0.922284517601373,0.680734388510371,0.910943262074703,0.934981897334369,1.01251040383286,0.899243269998241,0.811415924736909,1.00869165479999,0.859110492524985,0.887162951611745,1.00609306854101,1.21680050297016,0.993627310282202,0.870371962608345,0.932762211016273
"40",2020-04-03,"local",0.814359683617247,0.810740397453999,0.833360691981679,0.860544881843598,0.831383384756611,0.905775728551005,0.842023408457479,0.961257906412132,1.02854393423895,1.08599021340643,0.929397557343632,0.682096191188064,0.924751411629466,0.926359036048057,1.03446046972894,0.907307643845403,0.82460620159633,1.02062914623791,0.855305656898199,0.889945965151662,1.00658188392584,1.20189919784468,0.964668037206727,0.86931324486278,0.934316641225321
"41",2020-04-04,"local",0.819431693922644,0.864973027931993,0.836029402399967,0.846998497408291,0.835683908823686,0.91864672576208,0.867037075215995,0.976668627281772,1.0183052467044,1.0902551898393,0.938333865510748,0.686022866641303,0.932802702214953,0.918065564704656,1.04903774771971,0.903336158476916,0.836009737225683,1.02217346076003,0.858823919412963,0.883121169113912,1.01478758586907,1.18840977486993,0.938343439111528,0.872414098392326,0.933089236087642
"42",2020-04-05,"local",0.830223241940249,0.915772785661181,0.845218188326915,0.836759636350939,0.836715826123928,0.921169020185556,0.885089833669894,0.986733883344871,1.00747852283389,1.08942472930344,0.950254403468624,0.702011179162163,0.932990961062102,0.921387527846174,1.0584094555073,0.910312548494092,0.842288329981666,1.02337868092245,0.861796226874199,0.873730105085653,1.02384243934745,1.17676515613603,0.939157702200789,0.873121329127329,0.928155695983009
"43",2020-04-06,"local",0.837014795833427,0.961437334415834,0.863472773864812,0.814699038620951,0.831179403324344,0.923852238847786,0.900210672402415,0.990460698770513,0.996011525265277,1.08355257269627,0.960871247154229,0.715767149803529,0.922739400132194,0.925171322387312,1.05624035651608,0.916569132159809,0.851815211848693,1.00537606089641,0.868261695204151,0.864848608951282,1.03205974236434,1.17184637275977,0.940429517601855,0.873859555395458,0.913299501350653
"44",2020-04-07,"local",0.844951837135621,1.00689562199538,0.886127393413592,0.793493505429799,0.827942358707667,0.919353310443401,0.912820605788331,0.990789300222005,0.980809878941489,1.06785004817091,0.962734777995054,0.733728907631506,0.906803358617126,0.928128685452147,1.04528569737423,0.907296011687446,0.852320176100901,0.984826571378593,0.866789673664742,0.843704693302594,1.03233437403091,1.15490509231031,0.950798603871643,0.865894473522583,0.888282053722348
"45",2020-04-08,"local",0.84559692768418,1.04761107485893,0.911391589126274,0.776047361303262,0.817207850685156,0.913881087935758,0.905730946548495,0.982311994738471,0.968122004733346,1.04554271055292,0.958621315756911,0.746472193307778,0.881581724291058,0.940006041041062,1.0153000383561,0.906645702004448,0.856865892110661,0.960283422524927,0.86294073291713,0.823879925308295,1.03003998009588,1.16225070091577,0.961145470158447,0.864235648141204,0.868992453810169
"46",2020-04-09,"local",0.843384531891616,1.06947744207139,0.933128094961373,0.76491405728422,0.796715402098704,0.903415708635634,0.892304608614961,0.966988222048991,0.961053654771707,1.0139759418948,0.955113623652018,0.75828114214203,0.851560161791398,0.942942948572215,0.976807154235424,0.915019667863019,0.855318236156433,0.929788517260405,0.856004912246233,0.797761159876757,1.02645153131144,1.16674821192822,0.975037136961697,0.860222244211615,0.851615977393712
"47",2020-04-10,"local",0.828744445683194,1.0987451008866,0.957761920063624,0.766181638834691,0.787979107713451,0.897426622721584,0.892409362775677,0.946826046999813,0.953990978970161,0.988048591239779,0.947254595044725,0.777414643813511,0.837977493654018,0.948281992987789,0.92348267561383,0.964104289392671,0.861268602414482,0.91379162603973,0.85113948182607,0.766257002337065,1.01895996108084,1.14791590928321,0.981061157313205,0.863408241108841,0.851115719659907
"48",2020-04-11,"local",0.811803859768377,1.11064516964707,0.968087923248387,0.764645586785628,0.781189801260659,0.890180776076688,0.890846139848565,0.918265531322852,0.944807915359712,0.973150989272709,0.943922491450561,0.80711055993577,0.829635395533224,0.960334843767286,0.871997398889682,0.991042800963418,0.859388535604974,0.91367183779819,0.844221222282358,0.730270648767,1.01312085993334,1.1481497036917,0.977235856161544,0.867140943674846,0.856563230501586
"49",2020-04-12,"local",0.798640668067252,1.12490801491299,0.964673541990677,0.772717467097173,0.774737539153564,0.883905812408114,0.903761489145147,0.890681278425174,0.929495792102894,0.960128092593566,0.946244251252618,0.839148800970319,0.829101979522701,0.963973472151913,0.836627987576551,1.04021993003501,0.859886622273223,0.910711775783031,0.84867273031025,0.70321653087369,1.0058985580685,1.13844631920375,0.965828443292968,0.876406645697699,0.868797737008078
"50",2020-04-13,"local",0.786148876261077,1.13250210316566,0.962983509121897,0.773703543253309,0.778435597522219,0.873031725373141,0.907166939104917,0.867741484642208,0.918504432725029,0.954079169547444,0.950286445484452,0.871344990093127,0.82924067197704,0.971044098211993,0.822412020242841,1.0837602555803,0.870790055535818,0.915499388620996,0.856064341221337,0.683247559158732,0.994403275893223,1.12550345433163,0.947790872660772,0.880730637992034,0.886513930872039
"51",2020-04-14,"local",0.78712690469111,1.14851857434123,0.943898951769034,0.773794654747359,0.77579400013268,0.870799207561411,0.918042157554317,0.851068863644469,0.901511702740324,0.94053671832901,0.95902547799279,0.902045648261176,0.824624426186953,0.974436120326152,0.814142180053051,1.11777694880714,0.883993549629216,0.916926702807355,0.864766455595118,0.659235865181314,0.977377475955202,1.10014783914605,0.920633132546437,0.878993712129046,0.896318331651662
"52",2020-04-15,"local",0.78825427736918,1.15165716298223,0.916643246781274,0.761486930881228,0.769105593125597,0.861329191499061,0.908127342855036,0.838332017779303,0.888937695457,0.931419396391975,0.966381179836385,0.924597946945193,0.813597832986425,0.975933334857402,0.807806130719782,1.14339589499624,0.904461390706064,0.915980914611059,0.87624801170225,0.641405177211552,0.960385130415419,1.101036954704,0.899675725518498,0.879749970937784,0.905326198210309
"53",2020-04-16,"local",0.787372261007564,1.14262150266831,0.888617946354641,0.747794988142844,0.768805676363308,0.856909264664585,0.912682814873539,0.832101221573359,0.887117868749302,0.920071981742086,0.970841992616059,0.951872173821532,0.802568493701567,0.972136378902554,0.803183132473607,1.15872086815119,0.921090358683723,0.922053830983675,0.8833535043846,0.620904054479328,0.940367602457775,1.09677404731455,0.895387680141205,0.880160262070041,0.905226763919959
"54",2020-04-17,"local",0.78192753764506,1.12559614632622,0.846867112756488,0.725282336468185,0.775901410339807,0.861901965161898,0.903834622788804,0.830455820679616,0.890512649622179,0.906905207444017,0.970920889309748,0.967493562419557,0.789435902609188,0.968633380105613,0.789060006660112,1.14354870929552,0.937290227421921,0.936797957804084,0.898868769429751,0.611172401048481,0.928227009070264,1.09508949462759,0.885860750752257,0.878274632918025,0.902513000292333
"55",2020-04-18,"local",0.772558768020732,1.1043306716759,0.805009839315918,0.715443201456978,0.780529071580569,0.870000265873731,0.89516923306289,0.842164895404567,0.89776679108729,0.901013768179583,0.961533365290197,0.976990119575508,0.78858070133906,0.96195861873927,0.764961264671059,1.13899992165713,0.952914436907938,0.940113405096844,0.908388511007988,0.601468391793827,0.918435851399064,1.11415178308055,0.877473283434115,0.88030963254957,0.885111803119458
"56",2020-04-19,"local",0.753801103047314,1.08409845452378,0.783335209132754,0.704445978086271,0.789923874497685,0.878684653466028,0.870391482390887,0.85326723763697,0.917309974395363,0.885194556451404,0.948480828389231,0.980165892504896,0.792770519353823,0.951152024032981,0.731907324041046,1.1194990838822,0.975464038491014,0.950744983342952,0.913298060331606,0.599426225017777,0.907627536413666,1.12835142484845,0.869707810406822,0.871212023394895,0.867540137227733
"57",2020-04-20,"local",0.731325600441237,1.04740401760604,0.771733605336634,0.698578522838675,0.798299479459864,0.886098029844891,0.854160170324434,0.868542223647052,0.935558305742737,0.860043193601314,0.924491769719184,0.981869876205667,0.796447341125071,0.935486829937961,0.688902499411918,1.07895048518192,0.997540945490611,0.949997943409015,0.915574912376655,0.609562156243474,0.891309845642877,1.16433384053423,0.859848341069512,0.856757237538356,0.829208281467232
"58",2020-04-21,"local",0.709179666115371,1.01062800823396,0.76091643098063,0.698444345975842,0.812054431095969,0.888214987341679,0.834966839701619,0.880034005607134,0.9605017794939,0.824850467802174,0.902388423800557,0.972702653193433,0.801062495626805,0.915992398591042,0.651537001608715,1.05217658325835,0.998123513671226,0.940941926992033,0.916518030341698,0.606029766499015,0.871364182325813,1.17929918551421,0.854163022231716,0.829272911848462,0.798195481403798
"59",2020-04-22,"local",0.689525823457674,0.976959461334266,0.751850973709313,0.707534692385617,0.826493952884233,0.886397958969756,0.814234108338416,0.888414740387528,0.975353976031913,0.790615779483232,0.884220273951938,0.972781481790425,0.807213607003277,0.903574949468371,0.625114313514396,1.02637324626185,1.01758261560349,0.939846824788239,0.910785345350285,0.607334312643198,0.856114611994194,1.18335168869992,0.844601440603127,0.80477413838294,0.763144660422452
"60",2020-04-23,"local",0.679852096860332,0.941196850617033,0.744431061701393,0.722794927697272,0.835598610537838,0.883688188306884,0.803366153383374,0.888947898798217,0.990447561766538,0.751080079873063,0.869371477952082,0.970868213800356,0.822883741844275,0.888676285767785,0.617308044113438,0.991165999218402,1.01499458372831,0.940151693424688,0.899925344163605,0.606771762495222,0.839700632254433,1.19658658123518,0.833635604169766,0.779070712364122,0.740655329334882
"61",2020-04-24,"local",0.677867973210569,0.891761179373835,0.746448969648182,0.740975971963901,0.840645298762235,0.869610153952989,0.781582957344904,0.887625922768823,0.99746192154728,0.727386793159948,0.853575249470196,0.978568148558681,0.847334829605637,0.874898233759077,0.620187921030963,0.982102347151215,1.02121486049241,0.957445262713644,0.887734261388548,0.610233182189039,0.822308613016832,1.20194668731844,0.824781514838403,0.754909508439333,0.728688465097092
"62",2020-04-25,"local",0.683960214439129,0.829894161789567,0.738981463602079,0.759268669614797,0.835623873302583,0.853650801549575,0.782440219794779,0.889215687905921,1.00605923825901,0.706605491438379,0.848069508272805,0.985986416317497,0.883212110816854,0.86098761477042,0.632683370214461,0.960566902900521,1.01221553910725,0.97668395329226,0.874678751007292,0.617231506573971,0.811783467466713,1.19085622194307,0.810896325480063,0.737879211023991,0.722647880793145
"63",2020-04-26,"local",0.694831869279342,0.775137390632891,0.743183576068257,0.764642153225006,0.824504177349192,0.82961312491773,0.758303840000149,0.879675890914031,1.00227997048841,0.691448935862591,0.835438689615383,1.00007591631246,0.910842479799189,0.850157208132156,0.657244319757324,0.987297824627459,1.00775657689644,1.00189610641812,0.860993119885944,0.626892357419618,0.798379065062207,1.18759303719804,0.786023495013376,0.724938594860271,0.717191449281672
"64",2020-04-27,"local",0.708872746006927,0.71700349483,0.756858088794186,0.761455144791937,0.808303762948661,0.800935543867485,0.74470915319012,0.865438975837443,1.00085647420479,0.686031617657954,0.829869800340968,1.01685001328544,0.93181705868554,0.834371809811555,0.68693995305107,0.985939963252896,1.02277156115191,1.01824471632489,0.855489181777889,0.627381679163613,0.779708295008958,1.1663791615492,0.754303542375945,0.70570260468215,0.701194858349569
"65",2020-04-28,"local",0.724849975379989,0.666098243089056,0.772525339726587,0.739035457807936,0.787364734639969,0.779230812940111,0.727190128465241,0.85913968285739,0.997790287811607,0.69632597962564,0.819149673723391,1.03973406080453,0.949160401331686,0.826240995350368,0.717979721430557,1.01636181842463,1.0339949295087,1.02968056274588,0.859484653953361,0.62762092914946,0.756342432512943,1.17804352995485,0.72591477819018,0.688614268660846,0.691195535757603
"66",2020-04-29,"local",0.739927650068372,0.627604778805284,0.79229011799195,0.701539065215704,0.758838898141699,0.757165502474789,0.719849496218198,0.852846596092194,0.994425729050403,0.71862334645438,0.814145179662997,1.05946022885623,0.966834187133766,0.826015041557906,0.751404842146685,1.05700481790889,1.04317263832396,1.03364686992593,0.864820420471428,0.642759300335158,0.728482114229733,1.15370085816271,0.683821269947043,0.681458550968005,0.674664799844052
"67",2020-04-30,"local",0.743985052715806,0.592960567491264,0.809380444852596,0.668241046487902,0.737057781571761,0.743059737670659,0.711875337805314,0.844115708024606,0.971975904835742,0.743003610722823,0.811309719050298,1.08377174563046,0.981002552719796,0.826063494670958,0.773752580563885,1.06841016887317,1.0434601981795,1.00455018910649,0.878691118524636,0.664806198111884,0.703311956816085,1.14906777238999,0.664993622172155,0.668679138749691,0.65769982646229
"68",2020-05-01,"local",0.752722319191735,0.570862971485131,0.83352133486774,0.644350870943634,0.710529751893632,0.734319859499254,0.722392662250326,0.829407378563101,0.941816604367926,0.764513658563253,0.805892654118838,1.10833427568422,0.993278927704211,0.840263437943391,0.800191008242411,1.10084049813172,1.03853921935813,0.966052450718794,0.881533546144145,0.675526044859448,0.685187118289619,1.13557517670675,0.645147746856931,0.671267948519039,0.646889093756608
"69",2020-05-02,"local",0.753697221837408,0.55914404906015,0.8629191848882,0.640129270354418,0.730195091084676,0.720176177347241,0.732596732890853,0.821744855525919,0.894961671957586,0.787108779325163,0.803335708997238,1.12386079690892,0.998395761852006,0.846289255240664,0.818687534374814,1.1093583939164,1.02213822379273,0.915882319019882,0.886593239361579,0.698314147511956,0.685342709870858,1.13987540879652,0.644795092622571,0.681151854443284,0.64244189798632
"70",2020-05-03,"local",0.762699667174401,0.552878139553784,0.880909138874209,0.636761221951542,0.724419134553878,0.71025877333327,0.750070449679371,0.808098646432833,0.845271051772985,0.801086938498628,0.79869988148918,1.14425358751462,0.998757679914808,0.848734889726929,0.822838395342986,1.11737930660701,1.00710636858322,0.846071485349344,0.888661739670649,0.717894595793695,0.688247956603405,1.16376854725363,0.646887885239586,0.691344092940267,0.639124634049545
"71",2020-05-04,"local",0.757152846088361,0.549137681527798,0.899146010875154,0.64423450869164,0.743262285773286,0.696270876658893,0.76871105527777,0.794195545928467,0.786484906215565,0.811974292675596,0.787618551358609,1.16031493168338,0.990791256780387,0.857264648153264,0.810988514780643,1.14363976506436,0.98078393510673,0.788862622859323,0.892280894583869,0.7109840996884,0.696919353734093,1.15008200818539,0.641393015336133,0.707305868728555,0.639423275121855
"72",2020-05-05,"local",0.755752669154103,0.554108015068405,0.914671705741979,0.65566142174123,0.7563782000843,0.687882757123364,0.786331914739675,0.78449775365352,0.750194774068149,0.809766972694616,0.778151907802952,1.1669244308956,0.981249341084209,0.855911979746386,0.795128831058708,1.16676034996203,0.959454211430471,0.744460910490585,0.889244829637206,0.711807532527471,0.714066677394146,1.17555783836114,0.637140103955927,0.714864267371932,0.642527091073602
"73",2020-05-06,"local",0.76979010174629,0.560279417283547,0.923205087829627,0.670744945308979,0.764578196476332,0.680859422259139,0.806261024271317,0.78472100471615,0.73686607291765,0.81907076011949,0.761327305504446,1.16249247651133,0.967114474535387,0.861887226806771,0.786346078992169,1.19660422510088,0.919035940119979,0.702052114912371,0.894863896563525,0.705929110727105,0.732159077193132,1.20622611260509,0.632511409593819,0.730197247666949,0.646035678426898
"74",2020-05-07,"local",0.770012637502237,0.568312751141717,0.934955969478234,0.677866376647946,0.77397466452893,0.67357929868484,0.832091305805571,0.789947098533043,0.718129941777845,0.82671244500104,0.757042744500865,1.13496694743802,0.957581769952485,0.869453093832978,0.779337182268246,1.19287776904708,0.875209282977617,0.685289895908105,0.894096683214802,0.673691120268096,0.755663597649041,1.22987432258195,0.639652133135184,0.759303877240092,0.663618520624584
"75",2020-05-08,"local",0.770082084214867,0.577214666448555,0.953430533042895,0.705947794973363,0.769935008189352,0.677864810378643,0.860811794745133,0.806138603594119,0.707195039790158,0.842003850533983,0.750330022249434,1.07950737548338,0.94490110726371,0.882102963660003,0.793321989318275,1.20430923339813,0.845943024673829,0.683873587287395,0.897837109976212,0.673144792076822,0.771563511903755,1.24938805243791,0.660369747959615,0.785294123486567,0.68926490796814
"76",2020-05-09,"local",0.770021505150879,0.599143937143151,0.963697933327037,0.734346691178875,0.76258251454237,0.683787561321085,0.890918576666564,0.810558140339007,0.709408535250152,0.859000636152535,0.753638029302976,0.993104302037656,0.927960174110513,0.89583155993615,0.801094630512315,1.23006802025828,0.812437230344753,0.693285236225941,0.899570981959935,0.657254288717386,0.78562776240119,1.28028860631548,0.686064621934982,0.805177752876854,0.713899391509451
"77",2020-05-10,"local",0.759675613324879,0.611130953459907,0.971999002309549,0.74713084982677,0.759414374016063,0.684050230814066,0.922877407003042,0.822410037821159,0.705603152935946,0.857927075378754,0.757605926383814,0.902434489861293,0.900464131373922,0.905490212455053,0.823771151529281,1.24111240539355,0.771130851414457,0.709836348292723,0.89512204478509,0.677967293889808,0.797461238387561,1.3091097343021,0.721771515911052,0.809274151457657,0.744446690478108
"78",2020-05-11,"local",0.74913527694646,0.6223670046171,0.974951401362581,0.772230965095292,0.737740060633922,0.702835296620424,0.967156063665785,0.825003364334102,0.704863353152923,0.858075686792101,0.758524055529653,0.842978645479534,0.870121650713314,0.91135142504265,0.843135539627477,1.24799267766396,0.741663467584763,0.725629607583269,0.88344034782258,0.681566840902513,0.801542486955878,1.32521552970591,0.742161773005511,0.808405176007848,0.767196222759842
"79",2020-05-12,"local",0.752911084422168,0.632341157100879,0.961883152665103,0.785677281828244,0.733040784621369,0.723985003473205,0.978915134262026,0.823639676759005,0.71445635667107,0.868174709124926,0.760255293738083,0.84450132777407,0.847489857764904,0.922219239429271,0.8502266999244,1.25814866450363,0.722185528701305,0.749464164632342,0.861185615571278,0.699151627582415,0.802016115017695,1.33808265557788,0.777603039647108,0.796166901577247,0.793188473900921
"80",2020-05-13,"local",0.753180580083044,0.650595152485118,0.95845102231632,0.784784122923708,0.712966040591708,0.747028651132151,0.992632408352106,0.809055511447106,0.738849871402422,0.892081069813887,0.770640617637408,0.865108400540941,0.824044922392393,0.913250982056237,0.875883487163376,1.27778245009606,0.699639467651118,0.77248267000679,0.835770949397463,0.734176177348922,0.790578174684303,1.35130373052338,0.819074772008542,0.774682481355169,0.796446652102885
"81",2020-05-14,"local",0.755652225137046,0.663647036633101,0.948310911495816,0.780739922464647,0.708212035920547,0.770415224360513,0.998330257840075,0.787903786556577,0.767172799642924,0.929130089777319,0.780715054726891,0.896621007616085,0.814871749696973,0.909415700160819,0.878115422663968,1.29447050746573,0.677000589767327,0.793424348921904,0.803263597587886,0.764175647862824,0.786608482899886,1.36035421562133,0.861020597121002,0.74880246377524,0.800766185200229
"82",2020-05-15,"local",0.773234613197373,0.690387618157348,0.930540826702292,0.789417067629861,0.697030810655939,0.80899343904149,1.00131098683259,0.774236254734753,0.810997137405961,0.955909889262128,0.795954441286662,0.926259428073863,0.820745493347652,0.899082551247748,0.890322571687602,1.30810353184026,0.662585500766563,0.817080901275139,0.782050013784695,0.757417835901081,0.774969993212151,1.36464623704825,0.89167567734332,0.727315480644923,0.779446118913239
"83",2020-05-16,"local",0.799620221991256,0.691752566999907,0.921454337095583,0.782689978146143,0.68830834632309,0.840537702043478,0.99314524632778,0.762645435319013,0.851220744649195,0.973187497230536,0.803318720737754,0.954886324350841,0.831277169223008,0.881941631768523,0.905373498797547,1.3296031608589,0.639934912943575,0.83764984348472,0.759006320666341,0.761652163739762,0.76627154528139,1.34740474267275,0.933510001120042,0.719414380867887,0.75542316921304
"84",2020-05-17,"local",0.811741475060866,0.706374280432288,0.905027035997077,0.791782634068204,0.687294182697363,0.879980848798877,0.953779881622765,0.764736268960887,0.881264412162022,0.980719180661885,0.810784557908104,0.964939174268455,0.855863200613385,0.863999370908285,0.910498780866846,1.34913294135601,0.609530620961774,0.85889096862794,0.739656700917463,0.784936154260614,0.752345228131828,1.34999492897094,0.952535388924485,0.715550115667454,0.717171008234581
"85",2020-05-18,"local",0.840137410243189,0.712939540635653,0.870719120606048,0.779565467441254,0.694697698834344,0.905627373644634,0.923837479733114,0.762731939962083,0.909101003941929,0.973538975617693,0.820266681932672,0.962837470292336,0.868648922320224,0.844190821869207,0.910288571001701,1.36930428493161,0.592368910474427,0.872929924746422,0.724050233514885,0.78663822104581,0.732670135481662,1.34492358224879,0.979345992367582,0.705117219166123,0.675849475464444
"86",2020-05-19,"local",0.878529948474401,0.730261736300178,0.847365329356041,0.766087979093869,0.708358152919039,0.909823620007898,0.85930942313046,0.767259584196894,0.916502042319591,0.95715759726028,0.829731427408574,0.972649296139024,0.880878450177084,0.825607018644269,0.913797182184098,1.39055631692736,0.583294433784532,0.87554918745304,0.709402876724082,0.759794298842867,0.710515483460058,1.34069893813295,0.98986151978461,0.682987171056888,0.641388367609316
"87",2020-05-20,"local",0.905430290758484,0.754732562255685,0.845111694541076,0.753123571493783,0.730479431571225,0.923362151609908,0.80449311323035,0.765263619150245,0.918741211854652,0.936547944219407,0.840596861203268,0.967393956944974,0.893378977290071,0.801533101511185,0.913969031808278,1.4091984704108,0.586373111882968,0.905406147692386,0.713182703629833,0.799775619259639,0.692440340025079,1.33877477299725,0.999366864815968,0.670770066209433,0.615170188704817
"88",2020-05-21,"local",0.946258937338402,0.791526072674476,0.826917231623922,0.755597140435974,0.745015848162108,0.921607518834698,0.745455321114497,0.785876924232622,0.911390332423004,0.910423189996084,0.848058957860829,0.948237589986584,0.910412172295698,0.806606924223054,0.919446298119742,1.42878120690789,0.604150130008773,0.929073792812656,0.725213701133117,0.805116590531483,0.692694992158333,1.34648890768494,0.995636508383072,0.65674997577254,0.61866169257756
"89",2020-05-22,"local",0.958257181593791,0.821512851615683,0.816568556730228,0.773022180746923,0.776066449408524,0.907793658251052,0.715639306877058,0.796674342794393,0.91652166618168,0.883740058413354,0.856992699053304,0.922284196396423,0.926669079735871,0.793398876783315,0.92710120380779,1.42914676139578,0.640154440834294,0.937849402625244,0.735476413378849,0.78793628678363,0.694185248138609,1.34258982688751,0.99174253272842,0.655956718392052,0.598449177529121
"90",2020-05-23,"local",0.941648692778241,0.868559053558235,0.822099778444923,0.775831538846604,0.803287666196829,0.900014581869873,0.68196822612562,0.818967671845291,0.905814936673012,0.871400010054984,0.868220868869761,0.890204478048937,0.944521644553192,0.798975532811189,0.913516918448167,1.4326229665584,0.696274851228685,0.925580466279884,0.762195011836652,0.84138329111531,0.701591054885188,1.34206558642207,0.963618086422342,0.670901535027501,0.610524255641047
"91",2020-05-24,"local",0.937881971542962,0.892382307782144,0.826039067183744,0.782157683185391,0.82181982850286,0.871684409510372,0.642738668901078,0.850945638048459,0.911393380411924,0.862187178783539,0.877922774534938,0.849217762677247,0.96246459591608,0.79478206269852,0.908508776496606,1.42997600674045,0.745947578382934,0.899777111770031,0.789052162808019,0.871445553485288,0.711140191073849,1.33820370428308,0.927104679317536,0.710058316514272,0.621776173850459
"92",2020-05-25,"local",0.922615742557375,0.905088066739879,0.840627477314424,0.785917486503986,0.81364282946352,0.841169316380022,0.629596197467308,0.877419380336301,0.904867144254281,0.852598614627116,0.884784185106784,0.81529928489534,0.96750127267302,0.788012193281598,0.90280255005117,1.40767367746226,0.792639148406816,0.872134252396598,0.821233104009169,0.933292729221724,0.702129428580763,1.33109668051596,0.904472102151253,0.755436074972457,0.610962015543968
"93",2020-05-26,"local",0.882799146627967,0.921701969827339,0.840183865884063,0.790960626386949,0.833918924785183,0.808491112291708,0.608509453800815,0.921715645744522,0.896609909703029,0.850310371954157,0.896002726661471,0.78098517697116,0.958925953719165,0.786031450674524,0.881595345523938,1.39032556262947,0.857581133929861,0.83222026760477,0.836944809138067,0.967639308449528,0.693542406983495,1.31850744181174,0.879965373805991,0.790221736228901,0.613479691579179
"94",2020-05-27,"local",0.848527613793847,0.923356035878064,0.842092581787359,0.791901785680364,0.835712274138715,0.779224924230856,0.61757736764551,0.956313907213395,0.890879155516561,0.84390856852871,0.899927549220052,0.768515671039668,0.942390424892497,0.776868736112183,0.883268572947061,1.37123683193851,0.870709979004295,0.800232509627195,0.847481000480858,0.982504239196977,0.695417660244149,1.30185986417901,0.851979786477231,0.841279994832733,0.587044500333704
"95",2020-05-28,"local",0.81947073954944,0.924560681896134,0.86456846887108,0.813444054981957,0.821814000263529,0.766229010152026,0.642417140831873,0.996231199138399,0.900613762156596,0.851612230785709,0.916139185143363,0.773274836281635,0.930239560837709,0.77437617194102,0.878301059332434,1.3495507318111,0.900900616939225,0.795337961271408,0.867604535986556,1.03393527579256,0.689760488216035,1.28800522975667,0.838068926197672,0.863845781819991,0.600885068736686
"96",2020-05-29,"local",0.808825985673215,0.899575629712059,0.890900394817466,0.821413504288473,0.791457224811929,0.787996654182005,0.674262711911149,1.04607345429435,0.90163952600683,0.869674071788585,0.934891651376873,0.789769787944929,0.930009075177316,0.772453146219196,0.891837994794028,1.33015732639546,0.916721678338578,0.807275410145212,0.890833520093379,1.08544566330338,0.68921723634305,1.2556105683997,0.829417027012089,0.938215781960287,0.594826020597971
"97",2020-05-30,"local",0.809652701480499,0.907871416827584,0.916928689951263,0.841742653576641,0.788793920272579,0.822545046022221,0.731555305944375,1.05701293467319,0.920146336661433,0.879379497004812,0.962870490575165,0.818876485321503,0.940493171714671,0.779290710617123,0.918647350433768,1.31001099075052,0.925824756441254,0.822969335951432,0.923930655668827,1.13443527060581,0.701702119045673,1.2191133740184,0.837550023048636,0.966609625207625,0.612467094202922
"98",2020-05-31,"local",0.796441859735334,0.924200316615012,0.936553531556568,0.873972409396181,0.778105704275973,0.876368629386026,0.792547415400196,1.07882243254617,0.942191447903133,0.878427576713933,0.985796058739147,0.863351172716024,0.939735319127986,0.802914583320377,0.934654131052585,1.2863600957231,0.922527647197826,0.84583851976885,0.930530929957612,1.18345434517328,0.718870887567529,1.20543426219096,0.848508735829808,1.00612091755117,0.647602758436372
"99",2020-06-01,"local",0.812629667217828,0.942541911424708,0.961457573252574,0.909396701764602,0.787917761953971,0.924342703436413,0.875011239107002,1.09438890689685,0.96250233658305,0.889547391007074,1.0042772879058,0.901202558216187,0.944739653197239,0.815358702178406,0.959691772721393,1.26186639831001,0.912966599828472,0.873846204029956,0.959452436383371,1.25086496720083,0.721515824041198,1.18308026988628,0.865368639211474,1.00884825307776,0.67445412256061
"100",2020-06-02,"local",0.792778935766281,0.952717083008648,0.968366356580632,0.924876253212358,0.820032658685488,1.01339260917984,0.913508275185947,1.09596237293601,0.975731058216124,0.901886952987669,1.01865779299185,0.927214678903793,0.93691610129243,0.836176268135125,0.981463113894854,1.24523798989623,0.913296719015901,0.908816114120796,0.982773682381287,1.2799065827688,0.756037976227502,1.16434808935597,0.890180436028915,1.01813575729361,0.71046480800329
"101",2020-06-03,"local",0.78022863370109,0.965740713429417,0.965552998325698,0.958318857539773,0.85748230706146,1.09550064639883,0.961174972841025,1.08237584051712,0.985825798285411,0.918803127233581,1.02117160667803,0.952346859850431,0.92606986291623,0.860123130100186,1.00291157401589,1.23212096620251,0.940739509209505,0.899297138958868,1.01494929690429,1.28553529807974,0.788975985678656,1.15188688654809,0.914032107745329,1.02698949592296,0.770548510523349
"102",2020-06-04,"local",0.813569526926947,0.954534503094603,0.950941158547139,0.996142629724321,0.899076579927735,1.1507648667584,1.00382774005171,1.06319433267837,0.985413271066603,0.932855442998228,1.02058512461054,0.975864816863688,0.924507115902477,0.876934922775709,0.992264885508382,1.21533969838891,0.965013830597046,0.920808975751573,1.03763316573964,1.25818904358775,0.812513851597796,1.13880507696508,0.967757690751012,1.03397473936337,0.811200928767307
"103",2020-06-05,"local",0.823909784150016,0.970061066541263,0.93856698441952,1.01272860725474,0.964031319238664,1.20694585726842,0.990410186053034,1.03648054171768,0.994768212582747,0.947689745285403,1.020774422686,1.00587875215427,0.917123926275236,0.895553897109066,0.971660892058891,1.19361293901085,1.03574519574538,0.920971816601481,1.06101698863673,1.23891495095664,0.847793151447667,1.1162307190718,0.980642971571185,1.01471308193768,0.884787347358912
"104",2020-06-06,"local",0.848171294362511,0.965343742957473,0.920980619289072,1.04681845751851,1.04995789129624,1.2308371067293,0.979256826161728,0.997146014743608,0.989631474067666,0.966557943109926,1.02426006972148,1.02461819991949,0.913826274643714,0.921495961443225,0.976585220804032,1.16566675363047,1.06026002562882,0.925204338776663,1.08254362527349,1.24375983566868,0.883067662155241,1.09325675750426,1.01647268147435,1.00218637271757,0.930638420812715
"105",2020-06-07,"local",0.833603805979121,0.953688455282139,0.901457068806327,1.05997457570542,1.10543752156579,1.23238318918704,1.00269126232921,0.965656493143115,0.982092389623736,0.954374731560969,1.01554178719544,1.03102521973332,0.906464958549122,0.941284460159575,0.949910026918587,1.14240811982245,1.08607738541004,0.9154061635897,1.0742586199673,1.25118362003161,0.895835231664159,1.06501915282645,1.02285607456275,1.0036318201754,0.985359515349606
"106",2020-06-08,"local",0.818065604657042,0.941849018487366,0.88637609333518,1.09172076321933,1.21341827227187,1.24157873435567,1.0001791505814,0.924376564844072,0.974390492591907,0.959274664608628,1.00038605514635,1.03956649556862,0.903278471005807,0.937962355876643,0.919932196299339,1.13402208346527,1.07831781606573,0.882051537812503,1.06884721026835,1.25122153691086,0.898200427553075,1.0368421352195,1.01368692017399,0.933223980793124,0.997901109123272
"107",2020-06-09,"local",0.829771549915863,0.93653877627121,0.855155564663715,1.13916454360134,1.25545565008679,1.2163403007416,1.01045798548038,0.891971275899914,0.949363280016739,0.954692345939096,0.974638948006358,1.04163629747383,0.888129994616245,0.919828608549463,0.899662418465344,1.12359121845648,1.0593541461841,0.85688929967674,1.04521267517352,1.23126995316786,0.87654096923235,1.00354447887317,0.993546439661351,0.889131124413338,1.05273000333626
"108",2020-06-10,"local",0.845326804712301,0.924129141188298,0.842055047846234,1.21968307179064,1.30834836165914,1.1919428771997,1.07159805298171,0.858921812563763,0.92041427207976,0.946666739592744,0.944715401428324,1.03768725557014,0.874364421659301,0.894860968029465,0.875761362767515,1.10748271272886,1.0191874969702,0.801002751355638,1.00937691126981,1.21975547126885,0.860801993011494,0.959897209405794,0.957863255492901,0.825856153622873,1.0728889334612
"109",2020-06-11,"local",0.872720420175801,0.959407887783749,0.850438438132893,1.23579806547534,1.316610064062,1.17466189156181,1.09962865396333,0.832676915442247,0.883461629685858,0.924083226900799,0.905014236619369,1.02024549767221,0.861807674932102,0.8538825319275,0.829062379431656,1.08955923975557,0.964937707295904,0.769471412531709,0.960714306585343,1.21194059628699,0.834941778259883,0.936251262900677,0.92382674944523,0.756465748299405,1.06928437943095
"110",2020-06-12,"local",0.891365272541105,0.990215166623601,0.855132149671807,1.22981420218819,1.31782706518474,1.16013297435415,1.14395125943959,0.833319215688106,0.842477262812022,0.881673483117139,0.869639235218075,1.00316604231254,0.855816800490218,0.819548223004201,0.832596021294457,1.07655415177019,0.935148477000939,0.765842812567438,0.907761014658415,1.2044744445215,0.811605318555759,0.920454167975369,0.869665629435036,0.698569929032508,1.07253847403788
"111",2020-06-13,"local",0.886783481474179,1.02484159626471,0.878548137642327,1.23312723843359,1.37607598480006,1.17156755490059,1.18063442333134,0.839606801965157,0.77977510584074,0.858325375323857,0.85065206690319,0.980052431233457,0.844370307860894,0.782525257983502,0.82062988577403,1.06482477307991,0.868102999202738,0.74959674169405,0.859043855819782,1.22309593213543,0.800287860212578,0.921853174199163,0.826193559104736,0.668557665597196,1.05046766796446
"112",2020-06-14,"local",0.909970528180281,1.03895538877334,0.907313453771462,1.21060988103387,1.38797651410334,1.1765099832327,1.19766890464714,0.85888036115969,0.745135347104455,0.826411691562436,0.823842166999458,0.948485909005087,0.837176779597345,0.746782858454247,0.842279002745156,1.06204197649734,0.826819895094593,0.746889301804415,0.813874098441995,1.20984541098637,0.790349767975317,0.919094057189885,0.780721080373838,0.658159329754796,0.99808975329428
"113",2020-06-15,"local",0.941324588506197,1.06808917060021,0.916269108630974,1.19121690745047,1.41057543754992,1.1704281950524,1.19960451304552,0.891258885361755,0.723950207357694,0.795264636178167,0.807727336703926,0.924530355036778,0.829829418524133,0.720090562158307,0.85845752330097,1.06033732624869,0.815894406717775,0.743023589905588,0.76575897364055,1.18653932652556,0.792369063777203,0.923576513110232,0.725900113868057,0.67008429221116,0.958517920453214
"114",2020-06-16,"local",1.00781487162418,1.11196348921132,0.944903881867449,1.18266103431143,1.44126299743964,1.14755700942042,1.17863960342647,0.919951294427634,0.700800065955222,0.769997106984979,0.787610379839104,0.907827413508649,0.830473797940653,0.694002936795351,0.887287050791121,1.06064250283182,0.796324954607724,0.765712645827934,0.721982799540743,1.14679358277947,0.772984122141711,0.923355649750825,0.666117758315776,0.722697090606822,0.943177494534738
"115",2020-06-17,"local",0.994712850511912,1.14671984698828,0.981257801275214,1.15798713008105,1.43417444460284,1.1447137288645,1.1889375993967,0.958865709763265,0.695005110216195,0.753854201068425,0.766726190541148,0.886067315364878,0.824154526364024,0.674166964012298,0.937204285947122,1.06427186831224,0.819865712877246,0.830970968968007,0.711413728655341,1.09653017864475,0.76944633775137,0.915792961094556,0.620470465078944,0.789955957952109,0.898738714919909
"116",2020-06-18,"local",1.0774383325682,1.18866649357192,1.01928937925288,1.16065090336658,1.43291800519185,1.13118752026748,1.18416124376938,0.975587696194149,0.686962491381671,0.744707210593999,0.758713259635698,0.877025550392486,0.815856485568314,0.679765545214338,0.96285686436083,1.06307853354042,0.820998960771047,0.845000587304229,0.710425569573071,1.00793874829461,0.772384603697865,0.902559463919958,0.565769804010205,0.866562465160104,0.889680849571381
"117",2020-06-19,"local",1.0982465356933,1.19053767571693,1.04783000602931,1.14005816274954,1.4038289025998,1.10433469713935,1.14968661308857,1.0294013339445,0.694175602859206,0.741166835333162,0.747123700345552,0.879696520011108,0.812907095802356,0.70264960617683,1.006121089172,1.06592498990907,0.855952213839847,0.910432762794356,0.719039085298769,0.935530621043979,0.769363572746027,0.882962878561008,0.538355657882972,0.975937996572202,0.859154779081805
"118",2020-06-20,"local",1.10198860937049,1.19609328327074,1.06597097533156,1.14818744503026,1.37996245265003,1.09537237979371,1.18076688004396,1.03820829260017,0.707981143176628,0.733336046572827,0.74945859645411,0.87760746303991,0.813262157991447,0.713397099235725,1.02910198866051,1.06726351662369,0.881665465733171,0.934666041516415,0.747700414022294,0.875979652028641,0.770158436471058,0.867402003834471,0.504922068306806,1.08636356300245,0.868738894723281
"119",2020-06-21,"local",1.07445043500148,1.18917086030404,1.10013194213173,1.12011507502787,1.31087458882833,1.07949312511188,1.16193926449766,1.08033790669741,0.724939875043464,0.721938033851767,0.761470991629852,0.880894372029951,0.821309147580735,0.73352080508892,1.06029745441845,1.06850781657721,0.941327605030933,0.968522990885227,0.774941114281679,0.858273169138323,0.786361065505555,0.859208469270679,0.493529695164117,1.18838283883136,0.885953472879541
"120",2020-06-22,"local",1.03862491978503,1.13079454470439,1.0879789869934,1.08273163026745,1.26184295629258,1.04478976715402,1.16260888353431,1.11122497384556,0.75413840827222,0.715777997552941,0.776029533542001,0.879752374841173,0.822862013891836,0.755001774449329,1.0801643723734,1.06717181460148,0.972391242316657,1.00328382094612,0.792033736692056,0.867741876584483,0.792042094528904,0.853951709987287,0.501388209076209,1.29304913366616,0.917436210571067
"121",2020-06-23,"local",1.00894410000878,1.07080202166046,1.07718777612033,1.02498258688716,1.18139185335798,1.01651752497777,1.14812177892768,1.13005698327784,0.763110012484952,0.721256221317501,0.790119283013112,0.874588196176413,0.83090934750679,0.780890437781343,1.09730133489648,1.06500628567307,0.993036244075691,1.01875441147791,0.826012508728611,0.884184816528331,0.805124862625808,0.850523928292727,0.533834358897357,1.35639506298252,0.978805797455578
"122",2020-06-24,"local",0.99111084672755,0.973273446067813,1.04657174382846,0.981287776708082,1.07188500623762,0.984969540872475,1.10403207571973,1.13404294537455,0.774196871047109,0.728683479659338,0.805998395402765,0.866470380663022,0.822725250836771,0.801487434079454,1.11025902725559,1.0596451250762,1.01334989705522,1.07109924835737,0.860672762466573,0.919669348090884,0.832795712768319,0.844635994306047,0.595235268699679,1.37032976883978,0.998505797896672
"123",2020-06-25,"local",0.991907279202205,0.886103760888457,1.0259357469117,0.925465268604723,1.00041608281586,0.966258778083895,1.10147996539888,1.13169459128909,0.764245260652594,0.751000644281176,0.833466277259828,0.872793286875442,0.820367267187301,0.805881199431612,1.11169390936709,1.05275596268081,1.02969751215568,1.10399015554352,0.868682948658084,1.00880462674022,0.850185922021861,0.846619903932449,0.682551070518367,1.34023229298383,1.00594171255118
"124",2020-06-26,"local",1.01306234280619,0.817756993144901,1.02259509889333,0.879767256782267,0.967829521334775,0.965113561771408,1.06915141134117,1.13808600129753,0.758431772817817,0.780415569397511,0.849061099261052,0.893241222228833,0.8314407670581,0.804977809741148,1.10950535365687,1.03644068172433,1.03904001732792,1.11828270995237,0.888754565151251,1.06723844493149,0.87747649467951,0.846229128098578,0.800374223109494,1.32680431020919,1.08874038766816
"125",2020-06-27,"local",1.05828151151331,0.798416070237018,1.02044775912455,0.899324205513263,0.964400197757535,0.974388336689575,1.07443241893238,1.14908530470402,0.756667947363425,0.837712385463474,0.853711859044934,0.917001536809466,0.838467500919972,0.809277854706719,1.12410266919769,1.0113071663815,1.04475470026183,1.13827941901065,0.877910900121454,1.10205873666054,0.886817769927902,0.850816331444182,0.934632616461108,1.30682523953881,1.16238586975797
"126",2020-06-28,"local",1.07483178136775,0.798721672805205,1.04724495088304,0.907119533696092,0.987846597955875,0.990872945246602,1.06493562341824,1.1519742602079,0.772265332213837,0.90465174850625,0.870523986355737,0.952495151248447,0.849723658721055,0.810944644991121,1.11605612987666,0.98117346045398,1.01771446177521,1.10732072164052,0.894781565569749,1.14111035773344,0.904791787982922,0.857504160551153,1.02454240025281,1.28832632906714,1.19511311847958
"127",2020-06-29,"local",1.12551890240038,0.841812531310135,1.05612222752076,0.958389740054753,1.00298046458567,0.9893662194616,1.13025476427882,1.14192022818619,0.78301625966067,0.934730393404383,0.866784305592955,0.98782571866246,0.867723174648687,0.811369137711431,1.11010191521407,0.95081693536516,0.983211304168591,1.05103260098924,0.918531950808678,1.20150145917119,0.905497357036245,0.852260791036464,1.05623075715168,1.24159546108608,1.21484773304506
"128",2020-06-30,"local",1.17008230092863,0.862203815681866,1.05175630903176,1.01429973861711,1.06141646541709,1.00637166597534,1.17913328495433,1.1454868582903,0.801827602209828,0.941456764358313,0.868888410568303,1.00779068626811,0.884720196927027,0.792692683628114,1.06370690790395,0.927521675012275,0.975405124743539,1.02991602323334,0.922666678688975,1.20614401756502,0.897845069373431,0.841446412269192,1.10827639472664,1.16091423132332,1.30583203132847
"129",2020-07-01,"local",1.25304853278724,0.885988620276322,1.05647646816568,1.08915738394906,1.10982428224877,1.01295747097012,1.19133095536307,1.13858968346753,0.834389839701114,0.959200848982497,0.875400821729673,1.01288818816349,0.905460004895642,0.781807744705819,1.04264166793488,0.897550664454677,0.935535225372425,0.994273536575767,0.944702208995026,1.25030160698418,0.885120739609843,0.808647867663082,1.13654554745979,1.12236591345265,1.36991548422886
"130",2020-07-02,"local",1.34031329785323,0.923541461924316,1.03213392177029,1.1443977234133,1.13333356678085,1.00893260081137,1.1774818763525,1.13134063689474,0.879161576565386,0.97427013307123,0.885257034986705,1.02451423193868,0.908256813071246,0.772564177350958,0.992014219025862,0.865383556356981,0.926528547019381,0.959335868546816,0.956583652493026,1.27835636301352,0.87716016348168,0.785032630473398,1.16561013802862,1.05708219201391,1.44712209388876
"131",2020-07-03,"local",1.41382630071068,0.953209416634294,0.995981724978997,1.19228048976009,1.14407296055107,1.01096615568048,1.17235003922905,1.10776964004244,0.915990984238862,0.95109477738513,0.896081596006697,1.01191174778213,0.91387292389554,0.78168938495497,0.942377419625083,0.834758996447226,0.925661786957113,0.941551749050214,0.963344271184981,1.25270151660523,0.885546217729283,0.745568858174809,1.08911022556961,0.98974524622085,1.4652596990256
"132",2020-07-04,"local",1.48489989078426,0.948941582077086,0.937903296552524,1.23462423760563,1.16120207239216,1.01195899708382,1.15026435378355,1.10325354819005,0.953281286699609,0.955467540844193,0.910446053109343,0.993822212997276,0.929991990004948,0.771259290646957,0.893040486853019,0.801386416409672,0.917772442543071,0.929677331942798,0.981035028264188,1.26104695779819,0.881662926006083,0.711431850370588,1.05226773214943,0.969525295196964,1.50804927127919
"133",2020-07-05,"local",1.51301280002113,0.951628488527051,0.904646059591308,1.24315302019103,1.16216952880418,1.00463750698249,1.10353302748408,1.07862359477383,1.01268369382412,0.956718283669663,0.923985165606301,0.969611672510947,0.930688160003155,0.814137532477525,0.854940441483238,0.76511262710178,0.910452947282087,0.946822813694365,0.96735744921881,1.21294221799004,0.889323272284298,0.675786801767584,1.00911567699611,0.931644326659691,1.50411792947669
"134",2020-07-06,"local",1.54167586377947,0.952218468282415,0.875505409047562,1.26418353617043,1.17057708883727,0.987067062247601,1.07651647631626,1.05766057282242,1.03307246975257,0.929615757838712,0.933635593187796,0.942715750949604,0.919629559658816,0.829767676706878,0.83077505635941,0.728886009436413,0.937194196896829,0.96869732037455,0.985677482412199,1.18567106369748,0.899410024227886,0.651310963929399,0.992426735959052,0.916468020660333,1.49187972039916
"135",2020-07-07,"local",1.52595196615806,0.9594288652405,0.86880091572459,1.26893475533324,1.15305033207884,0.966672504627145,1.08473277558451,1.0346686981305,1.06399013133827,0.904947975662881,0.936500595268107,0.919497089571757,0.911811955995102,0.855700423441717,0.823302664537303,0.693382474455376,0.945284907014321,0.97162625656912,0.991871657495132,1.16006009141334,0.887536818032485,0.621260404504248,0.938392243542391,0.969821678466552,1.50252140962217
"136",2020-07-08,"local",1.48376097997641,0.972071489682217,0.859535340274977,1.28480434010927,1.13271462659475,0.941023032785797,1.06684527132678,1.01106947544962,1.10050945468629,0.89173123032544,0.933605616328264,0.89765501902482,0.897010321860371,0.857601285607352,0.817555554302032,0.65715343377268,0.939687451126745,1.0044356039778,0.99684421227207,1.07631640476818,0.893504553016925,0.612199692808858,0.923114110724925,0.999715163870882,1.44214715423852
"137",2020-07-09,"local",1.47634779395174,1.01526347161883,0.858702002860133,1.27875354701565,1.10561540186989,0.936764529264281,1.12345152107021,0.987804851205296,1.11568842656696,0.849539224898589,0.935165042356215,0.871619921826379,0.87892193948797,0.89139700621208,0.817976167949527,0.629253449786896,0.93651137418705,1.04598590705637,0.996609712042898,1.02137264327854,0.92595366360934,0.60510325476015,0.950770405476654,1.06237025939521,1.42885934366728
"138",2020-07-10,"local",1.4383982561923,1.06830865115329,0.861818529321811,1.25937523337547,1.10821198109229,0.949854456136396,1.17183654689467,0.979997494659996,1.17805118277124,0.81778228939783,0.95052275561477,0.86572999774345,0.884039140911511,0.921460547466633,0.815005833503379,0.5997395071643,0.984364372087685,1.04129550811499,1.02587156615204,0.972377509227162,0.964753943366758,0.606603351747734,0.986894731306239,1.16598983326088,1.3609278961006
"139",2020-07-11,"local",1.44924849064841,1.13545024215535,0.895510776793944,1.24770546716523,1.09075905841067,0.964166603949478,1.23288580642998,0.966019228970742,1.19349621584051,0.834861385033586,0.978274890799341,0.845259121099197,0.880809379621424,0.980802114856848,0.822166079787358,0.576572836986425,0.98531665954175,1.07570113758994,1.02934816450147,0.965517128459998,0.965005479212516,0.628206675098801,0.988063522156484,1.24163974175322,1.3453311929405
"140",2020-07-12,"local",1.44441218125872,1.16817265597055,0.911375211779067,1.2048752595713,1.09358943232251,0.988969470090255,1.30373653717591,0.958154523323935,1.22557044572324,0.838474083094244,0.991155697355794,0.846939545006479,0.885243528300043,1.01185812415896,0.823195921384528,0.561523612681048,1.01470588894902,1.08766367587011,1.04373052893637,0.95234431706156,0.979299607737903,NA,1.026314235555,1.29032362415246,1.32134061078904
"141",2020-07-13,"local",1.41651273669153,1.22785544850348,0.943205886398155,1.16496463354908,1.10257534974598,1.02591614046186,1.36365182614534,0.964957396152842,1.26051590869238,0.870909692911941,1.01166580083827,0.855948264772762,0.907894455550053,1.0369248317413,0.809863928529349,0.558341577695163,1.02382674545401,1.0891372985409,1.05692150818259,0.971296942903089,1.01565948064369,NA,1.15348266158116,1.33274467160827,1.31065689792058
"142",2020-07-14,"local",1.41094562421378,1.28943015125497,0.963161682400316,1.14173400020249,1.0892956017046,1.03209350272237,1.4339535955488,0.9769630814061,1.24570053741638,0.914145930595853,1.0189176681145,0.863806089983175,0.923726904477155,1.13548838069824,0.787270896268847,0.55837724830837,1.0614114876788,1.0665492188579,1.07751371240393,0.98902782083792,1.03667911794012,NA,1.23587969466217,1.36736591901194,1.26443864483228
"143",2020-07-15,"local",1.42809278603012,1.28804458666023,0.985060780778857,1.1072286919512,1.10624668687059,1.05073211211708,1.4290717037152,0.98872730373648,1.27695386136358,0.974008499859652,1.04391298088012,0.879685827548631,0.946478876235381,1.14070083780981,0.787398517773024,0.552167758517323,1.09621994368395,1.05180407251587,1.06971315341587,1.06770989222982,1.04609195165578,NA,1.28633535562304,1.37418622934596,1.26848656360761
"144",2020-07-16,"local",1.44474773268552,1.32474191713492,1.00619943082751,1.06225432052544,1.09816287008049,1.05073031227631,1.45502840045079,1.01494585989267,1.29317692431797,1.0404099355978,1.06107810929965,0.89058692960885,0.974292853338615,1.21195025544064,0.826052434223757,0.555098041200061,1.18940317353315,1.04700859440855,1.06153085261241,1.13195774785025,1.05816224145825,NA,1.38753075086007,1.37381559208715,1.27111260835394
"145",2020-07-17,"local",1.44485158560628,1.36199663029718,1.00296337162927,1.03237264776992,1.10157224835445,1.06905490800489,1.43674654713564,1.02980817341039,1.2938512902931,1.12160609200699,1.08970344153757,0.915300460180608,0.995629778090737,1.23511238856751,0.825426323008686,0.568116273195597,1.28403563741581,1.0511089871188,1.05875877194062,1.22449642722327,1.08199941033684,NA,1.43941978257781,1.36576098898744,1.24771908368799
"146",2020-07-18,"local",1.43455242246982,1.37106819467649,0.982779340592477,1.0207791822305,1.0925595282559,1.06795500708974,1.38361678053181,1.05742661153416,1.28086631624368,1.21403532332235,1.09734198455298,0.940571515152939,1.02701662644363,1.26479123561156,0.874917313400831,NA,1.41622971572802,1.07452615121389,1.06191361083726,1.31186863978241,1.10084955750352,NA,1.45420659258987,1.39289286193447,1.20660397236716
"147",2020-07-19,"local",1.45906102820407,1.43530751696812,1.01557681137843,1.02610703360879,1.09395623014101,1.0570003537797,1.34347054632897,1.06732042704658,1.28328433513063,1.31119724828831,1.13039736233604,0.961006040464722,1.06236636063484,1.34769232823491,0.953498148086328,NA,1.52103388016371,1.12677988695019,1.08369153400266,1.44368048134683,1.14728665323759,NA,1.44451705879433,1.3962966191135,1.17821235079063
"148",2020-07-20,"local",1.45716127628289,1.45116126583581,1.03745061887046,1.02953381075773,1.08337514464304,1.04085814653641,1.29266833495407,1.08565749588004,1.27296941621499,1.35852355769377,1.14319799207976,0.997413235375984,1.08120255879444,1.38157216939583,1.07976177597599,NA,1.62299809598915,1.16499716633053,1.09321840100627,1.49811146500808,1.21129100806531,NA,1.43287696806922,1.39213896439244,1.11861796680824
"149",2020-07-21,"local",1.44076617942718,1.4706679857624,1.0803068296889,1.06946730522505,1.05969820478614,1.02893899210921,1.27041029209748,1.10229631368413,1.25291597712415,1.4253875568239,1.15270604465144,1.01851627770334,1.10186956992557,1.45034181057612,1.21594388355434,NA,NA,1.24208384726113,1.13599296626981,1.52527498224077,1.23357340783673,NA,1.48807737771414,1.42520036310758,1.07781040516672
"150",2020-07-22,"local",1.40758092243891,1.50125026392329,1.17815120790252,1.09273295527596,1.06284822480291,1.00822510674904,1.23506491832306,1.12062243260208,1.26120345245929,1.53663427728466,1.16431415264822,1.03399420560951,1.11498167136806,1.51268701308882,1.33617985671545,NA,NA,1.3383221010706,1.17874279666982,1.58636374728442,1.26262081645177,NA,1.54945982415744,1.43478446620146,1.04849381863905
"151",2020-07-23,"local",NA,NA,NA,NA,NA,NA,NA,NA,NA,NA,NA,NA,NA,NA,NA,NA,NA,NA,NA,NA,NA,NA,NA,NA,NA
"152",2020-07-24,"local",NA,NA,NA,NA,NA,NA,NA,NA,NA,NA,NA,NA,NA,NA,NA,NA,NA,NA,NA,NA,NA,NA,NA,NA,NA
"153",2020-07-25,"local",NA,NA,NA,NA,NA,NA,NA,NA,NA,NA,NA,NA,NA,NA,NA,NA,NA,NA,NA,NA,NA,NA,NA,NA,NA
"154",2020-07-26,"local",NA,NA,NA,NA,NA,NA,NA,NA,NA,NA,NA,NA,NA,NA,NA,NA,NA,NA,NA,NA,NA,NA,NA,NA,NA
"155",2020-07-27,"local",NA,NA,NA,NA,NA,NA,NA,NA,NA,NA,NA,NA,NA,NA,NA,NA,NA,NA,NA,NA,NA,NA,NA,NA,NA
"156",2020-07-28,"local",NA,NA,NA,NA,NA,NA,NA,NA,NA,NA,NA,NA,NA,NA,NA,NA,NA,NA,NA,NA,NA,NA,NA,NA,NA
"157",2020-07-29,"local",NA,NA,NA,NA,NA,NA,NA,NA,NA,NA,NA,NA,NA,NA,NA,NA,NA,NA,NA,NA,NA,NA,NA,NA,NA
"158",2020-07-30,"local",NA,NA,NA,NA,NA,NA,NA,NA,NA,NA,NA,NA,NA,NA,NA,NA,NA,NA,NA,NA,NA,NA,NA,NA,NA
"159",2020-07-31,"local",NA,NA,NA,NA,NA,NA,NA,NA,NA,NA,NA,NA,NA,NA,NA,NA,NA,NA,NA,NA,NA,NA,NA,NA,NA
"160",2020-08-01,"local",NA,NA,NA,NA,NA,NA,NA,NA,NA,NA,NA,NA,NA,NA,NA,NA,NA,NA,NA,NA,NA,NA,NA,NA,NA
